candidate_id,species,chromosome,start,end,length_bp,evidence_type,zdna_score,z_dnabert_probability,cpx_overlap_pct,tss_distance_bp,promoter_overlap,regulatory_marks,repeat_overlap_pct,independent_support,primer_uniqueness,split,expert_priority_score
ZFR_0001,generic_eukaryote,chr1,80013,80043,30,experimental,0.5878,0.6465,49.3,975,true,3,12.5,false,88.6,train,77.4
ZFR_0002,generic_eukaryote,chr2,85841,86190,349,cross_tool,0.5751,0.5578,41.6,317,true,2,17.3,false,98.3,train,80.7
ZFR_0003,generic_eukaryote,chr3,91304,91318,14,predicted_motif,0.7186,0.5794,64.7,13468,true,2,61.7,false,56.8,train,55.3
ZFR_0004,generic_eukaryote,chr4,95021,95134,113,model_only,0.7193,0.5825,69.7,9322,false,2,32.3,false,64.4,train,54.1
ZFR_0005,generic_eukaryote,chr5,99589,99973,384,cross_tool,0.5964,0.7113,54.3,2124,true,2,13.4,true,100.0,train,77.9
ZFR_0006,generic_eukaryote,chrX,106159,106368,209,model_only,0.8043,0.9065,41.0,2719,false,1,0.0,false,100.0,train,63.7
ZFR_0007,generic_eukaryote,chr1,111197,111221,24,experimental,0.6682,0.8992,71.5,4083,true,2,19.0,false,78.2,train,92.4
ZFR_0008,generic_eukaryote,chr2,114284,114533,249,predicted_motif,0.8356,0.6362,59.5,14543,true,2,86.2,false,41.0,train,48.8
ZFR_0009,generic_eukaryote,chr3,118616,119008,392,experimental,0.6527,0.6072,50.6,1669,true,2,0.0,true,100.0,train,87.4
ZFR_0010,generic_eukaryote,chr4,125090,125464,374,cross_tool,0.8385,0.8899,75.8,2564,true,3,8.4,true,100.0,train,95.6
ZFR_0011,generic_eukaryote,chr5,128575,128698,123,predicted_motif,0.8785,0.6704,27.4,7399,true,0,37.3,false,71.3,train,60.1
ZFR_0012,generic_eukaryote,chrX,134043,134252,209,model_only,0.4521,0.4148,20.3,7347,true,2,28.8,true,75.9,train,64.4
ZFR_0013,generic_eukaryote,chr1,139703,140033,330,cross_tool,0.7745,0.7571,56.3,6929,true,3,11.8,true,91.6,train,90.4
ZFR_0014,generic_eukaryote,chr2,143840,144235,395,model_only,0.6555,0.6232,22.5,4191,false,1,20.7,false,83.2,train,58.7
ZFR_0015,generic_eukaryote,chr3,149030,149089,59,experimental,0.8089,0.7933,74.4,1534,true,1,19.9,false,80.5,train,92.3
ZFR_0016,generic_eukaryote,chr4,154491,154629,138,predicted_motif,0.9303,0.8314,29.5,3347,false,1,22.1,true,93.4,train,63.4
ZFR_0017,generic_eukaryote,chr5,159205,159542,337,experimental,0.7469,0.8223,69.7,2974,false,1,0.0,false,96.1,train,84.5
ZFR_0018,generic_eukaryote,chrX,163620,163711,91,cross_tool,0.8665,0.9096,87.5,450,true,2,2.6,true,80.9,train,100.0
ZFR_0019,generic_eukaryote,chr1,167760,167978,218,predicted_motif,0.8906,0.8768,0.0,9727,true,2,69.1,false,74.0,train,47.4
ZFR_0020,generic_eukaryote,chr2,171867,171985,118,model_only,0.4982,0.6010,56.8,6311,false,1,6.5,true,88.5,train,57.1
ZFR_0021,generic_eukaryote,chr3,178709,178770,61,cross_tool,0.5919,0.7071,70.4,2030,false,3,33.4,false,63.0,train,71.7
ZFR_0022,generic_eukaryote,chr4,182497,182577,80,model_only,0.7082,0.6246,43.6,1926,false,2,31.4,true,84.4,train,58.9
ZFR_0023,generic_eukaryote,chr5,188231,188617,386,experimental,0.5722,0.6006,26.9,2830,false,0,10.8,false,90.3,train,73.4
ZFR_0024,generic_eukaryote,chrX,192690,192812,122,predicted_motif,0.8858,0.6517,2.6,10670,false,3,30.0,false,60.7,train,56.1
ZFR_0025,generic_eukaryote,chr1,195816,196194,378,experimental,0.5954,0.6245,53.9,1210,true,2,30.1,false,98.0,train,80.9
ZFR_0026,generic_eukaryote,chr2,201660,201713,53,cross_tool,0.5843,0.4888,52.3,2341,true,3,34.2,true,79.5,train,73.2
ZFR_0027,generic_eukaryote,chr3,207736,208057,321,predicted_motif,0.7391,0.6245,35.7,18463,false,1,38.1,false,85.2,train,54.7
ZFR_0028,generic_eukaryote,chr4,210667,210934,267,model_only,0.6039,0.6203,37.8,3275,true,2,28.6,false,80.4,train,54.6
ZFR_0029,generic_eukaryote,chr5,216410,216568,158,cross_tool,0.7633,0.8631,48.6,2689,true,3,9.6,true,95.8,train,79.0
ZFR_0030,generic_eukaryote,chrX,221069,221144,75,model_only,0.7218,0.7544,74.0,678,false,0,42.1,false,66.8,train,65.0
ZFR_0031,generic_eukaryote,chr1,225744,225852,108,experimental,0.4792,0.4359,35.2,939,true,1,5.9,false,84.3,train,80.7
ZFR_0032,generic_eukaryote,chr2,229832,229892,60,predicted_motif,0.9181,0.7814,0.0,1219,false,1,20.1,false,77.4,train,71.0
ZFR_0033,generic_eukaryote,chr3,234409,234761,352,experimental,0.8451,0.8882,56.5,1336,false,1,21.7,false,94.4,train,83.3
ZFR_0034,generic_eukaryote,chr4,241249,241261,12,cross_tool,0.8577,0.9293,52.4,533,false,2,13.6,true,77.5,train,86.9
ZFR_0035,generic_eukaryote,chr5,244701,244962,261,predicted_motif,0.7501,0.6493,23.2,10475,false,2,52.2,false,81.3,train,39.9
ZFR_0036,generic_eukaryote,chrX,250031,250374,343,model_only,0.4141,0.2883,24.8,5638,true,3,22.1,true,90.2,train,70.5
ZFR_0037,generic_eukaryote,chr1,253917,254149,232,cross_tool,0.8234,0.7740,47.3,217,true,3,25.4,true,90.7,train,92.3
ZFR_0038,generic_eukaryote,chr2,259972,260006,34,model_only,0.4236,0.6094,19.1,1080,true,2,8.1,false,77.9,train,68.1
ZFR_0039,generic_eukaryote,chr3,264760,265080,320,experimental,0.6558,0.7282,43.5,2983,false,0,0.0,false,100.0,train,72.3
ZFR_0040,generic_eukaryote,chr4,269844,270130,286,predicted_motif,0.9407,0.8554,1.3,20148,false,1,48.3,false,71.5,train,36.6
ZFR_0041,generic_eukaryote,chr5,272839,272904,65,experimental,0.5795,0.6228,82.1,158,true,2,0.0,true,100.0,train,96.7
ZFR_0042,generic_eukaryote,chrX,278426,278754,328,cross_tool,0.5935,0.6009,69.8,407,false,1,27.1,true,90.2,train,81.5
ZFR_0043,generic_eukaryote,chr1,284548,284626,78,predicted_motif,0.7668,0.5114,50.5,12063,false,3,48.7,false,70.8,train,50.2
ZFR_0044,generic_eukaryote,chr2,288953,289256,303,model_only,0.5687,0.4711,51.8,4968,false,2,2.1,true,100.0,train,65.7
ZFR_0045,generic_eukaryote,chr3,293556,293567,11,cross_tool,0.6965,0.6616,60.7,2743,false,2,43.8,true,79.6,train,69.4
ZFR_0046,generic_eukaryote,chr4,297267,297605,338,model_only,0.6722,0.9077,22.9,1684,true,3,2.5,true,100.0,train,74.2
ZFR_0047,generic_eukaryote,chr5,302817,302881,64,experimental,0.6503,0.7854,85.5,1710,true,1,18.7,true,91.3,train,86.0
ZFR_0048,generic_eukaryote,chrX,308744,308932,188,predicted_motif,0.8223,0.5706,64.7,11604,false,1,30.0,false,70.3,train,56.5
ZFR_0049,generic_eukaryote,chr1,313056,313192,136,experimental,0.6147,0.5853,68.3,1670,false,1,23.0,true,83.1,train,76.4
ZFR_0050,generic_eukaryote,chr2,318574,318742,168,cross_tool,0.8091,0.9069,73.5,1704,true,3,16.0,false,78.7,train,92.1
ZFR_0051,generic_eukaryote,chr3,323300,323669,369,predicted_motif,0.9316,0.7801,50.4,4508,false,1,53.8,false,76.4,train,50.3
ZFR_0052,generic_eukaryote,chr4,327217,327543,326,model_only,0.6967,0.8304,26.1,1134,false,0,24.2,false,93.8,train,58.7
ZFR_0053,generic_eukaryote,chr5,331773,332152,379,cross_tool,0.6155,0.5986,34.1,1001,true,2,17.1,true,91.1,train,73.3
ZFR_0054,generic_eukaryote,chrX,336809,336861,52,model_only,0.7219,0.8966,66.0,4538,true,3,7.7,false,85.5,train,72.0
ZFR_0055,generic_eukaryote,chr1,341792,342039,247,experimental,0.4686,0.6075,87.5,3853,false,1,38.1,false,70.2,train,71.0
ZFR_0056,generic_eukaryote,chr2,347176,347316,140,predicted_motif,0.9561,0.9120,38.9,2612,false,1,59.2,false,66.1,train,55.5
ZFR_0057,generic_eukaryote,chr3,351470,351649,179,experimental,0.7014,0.7971,49.5,3227,true,1,17.5,true,83.0,train,80.2
ZFR_0058,generic_eukaryote,chr4,356687,356833,146,cross_tool,0.7046,0.7736,34.5,2511,true,2,31.5,false,70.9,train,71.5
ZFR_0059,generic_eukaryote,chr5,359555,359749,194,predicted_motif,0.8632,0.5120,41.5,13396,true,2,15.1,false,93.4,train,62.3
ZFR_0060,generic_eukaryote,chrX,366589,366929,340,model_only,0.7209,0.7938,38.6,8569,false,2,19.8,true,95.5,train,64.0
ZFR_0061,generic_eukaryote,chr1,371211,371284,73,cross_tool,0.6371,0.5010,56.3,1359,false,3,2.3,true,77.2,train,81.7
ZFR_0062,generic_eukaryote,chr2,375187,375410,223,model_only,0.5967,0.6244,27.9,8446,false,2,19.0,true,76.9,train,61.9
ZFR_0063,generic_eukaryote,chr3,379413,379788,375,experimental,0.6637,0.8236,29.2,137,true,3,19.9,false,94.7,train,93.2
ZFR_0064,generic_eukaryote,chr4,385117,385470,353,predicted_motif,0.7804,0.5278,34.4,35279,false,1,25.6,true,79.0,train,59.7
ZFR_0065,generic_eukaryote,chr5,388861,388893,32,experimental,0.7746,0.9249,52.4,894,true,1,6.9,false,95.8,train,90.4
ZFR_0066,generic_eukaryote,chrX,394337,394606,269,cross_tool,0.6288,0.6563,2.4,1509,false,2,23.1,true,90.4,train,76.5
ZFR_0067,generic_eukaryote,chr1,398981,399030,49,predicted_motif,0.7443,0.3982,46.9,8929,true,3,40.3,false,62.2,train,59.8
ZFR_0068,generic_eukaryote,chr2,403836,404009,173,model_only,0.5597,0.5318,42.7,495,true,2,33.7,true,80.3,train,75.2
ZFR_0069,generic_eukaryote,chr3,408903,409261,358,cross_tool,0.5904,0.7111,21.4,2142,true,2,2.2,true,98.7,train,74.4
ZFR_0070,generic_eukaryote,chr4,414105,414225,120,model_only,0.4110,0.7905,49.5,9415,false,2,14.6,true,92.7,train,56.0
ZFR_0071,generic_eukaryote,chr5,419756,419801,45,experimental,0.8019,0.8742,74.8,1475,false,2,9.0,false,70.5,train,79.1
ZFR_0072,generic_eukaryote,chrX,422447,422547,100,predicted_motif,0.7101,0.5649,10.8,9588,true,3,12.8,false,85.6,train,60.1
ZFR_0073,generic_eukaryote,chr1,429461,429770,309,experimental,0.7451,0.8248,43.6,1978,true,2,0.0,true,92.1,train,100.0
ZFR_0074,generic_eukaryote,chr2,431979,432006,27,cross_tool,0.5675,0.6367,24.2,4376,false,0,27.0,true,80.3,train,65.4
ZFR_0075,generic_eukaryote,chr3,436886,436935,49,predicted_motif,0.8304,0.7975,37.7,3718,true,3,53.9,false,65.5,train,63.3
ZFR_0076,generic_eukaryote,chr4,442655,443009,354,model_only,0.3917,0.4644,52.0,5594,false,1,29.9,false,90.9,train,55.0
ZFR_0077,generic_eukaryote,chr5,447555,447780,225,cross_tool,0.7499,0.7911,100.0,425,false,1,33.6,true,71.6,train,74.5
ZFR_0078,generic_eukaryote,chrX,451331,451361,30,model_only,0.6615,0.8691,81.3,5648,true,1,25.7,false,86.8,train,69.6
ZFR_0079,generic_eukaryote,chr1,458363,458413,50,experimental,0.4278,0.3210,47.6,726,false,1,14.2,true,94.4,train,73.8
ZFR_0080,generic_eukaryote,chr2,463101,463453,352,predicted_motif,0.7318,0.4355,56.2,3259,false,0,86.2,false,60.4,train,35.4
ZFR_0081,generic_eukaryote,chr3,466023,466139,116,experimental,0.4269,0.4076,26.3,2337,true,2,1.7,false,88.5,train,72.9
ZFR_0082,generic_eukaryote,chr4,471050,471069,19,cross_tool,0.8654,0.9043,69.5,4450,false,2,48.8,false,52.6,train,68.5
ZFR_0083,generic_eukaryote,chr5,476022,476258,236,predicted_motif,0.6782,0.2199,27.2,32007,false,0,20.6,false,98.8,train,44.6
ZFR_0084,generic_eukaryote,chrX,481489,481795,306,model_only,0.5859,0.3916,28.4,6429,false,2,17.6,false,98.3,train,52.9
ZFR_0085,generic_eukaryote,chr1,486696,487029,333,cross_tool,0.7896,0.8521,24.9,813,false,1,19.6,true,86.6,train,76.1
ZFR_0086,generic_eukaryote,chr2,491287,491496,209,model_only,0.4293,0.4102,44.3,4894,true,2,29.2,true,75.0,train,57.6
ZFR_0087,generic_eukaryote,chr3,494814,495115,301,experimental,0.5955,0.5521,66.4,242,true,3,13.6,false,100.0,train,96.0
ZFR_0088,generic_eukaryote,chr4,501236,501386,150,predicted_motif,0.7963,0.6852,42.1,9878,false,1,39.1,true,81.6,train,62.4
ZFR_0089,generic_eukaryote,chr5,505194,505453,259,experimental,0.8139,0.7941,59.9,1543,true,2,13.0,false,85.0,train,90.8
ZFR_0090,generic_eukaryote,chrX,509888,510266,378,cross_tool,0.9313,0.9919,26.4,1647,true,1,26.7,true,96.2,train,89.3
ZFR_0091,generic_eukaryote,chr1,515794,515916,122,predicted_motif,0.9270,0.7606,34.9,512,true,1,48.1,false,73.7,train,56.2
ZFR_0092,generic_eukaryote,chr2,520543,520620,77,model_only,0.7402,1.0000,45.0,403,true,1,21.8,false,83.4,train,78.0
ZFR_0093,generic_eukaryote,chr3,524032,524426,394,cross_tool,0.6482,0.6507,32.2,2639,true,3,39.7,true,75.5,train,76.9
ZFR_0094,generic_eukaryote,chr4,529555,529696,141,model_only,0.6901,0.9258,15.4,4421,false,1,27.5,true,92.0,train,67.2
ZFR_0095,generic_eukaryote,chr5,533159,533450,291,experimental,0.6208,0.5588,49.0,137,true,2,17.4,true,80.5,train,92.0
ZFR_0096,generic_eukaryote,chrX,540126,540267,141,predicted_motif,0.6859,0.4194,19.4,8407,false,1,51.4,true,78.9,train,45.5
ZFR_0097,generic_eukaryote,chr1,543316,543709,393,experimental,0.6196,0.5567,100.0,1274,true,3,0.0,false,96.6,train,97.8
ZFR_0098,generic_eukaryote,chr2,549803,549911,108,cross_tool,0.8429,0.8549,48.1,1769,true,3,8.2,true,90.5,train,91.4
ZFR_0099,generic_eukaryote,chr3,554229,554424,195,predicted_motif,0.6697,0.4146,82.7,7962,true,1,38.0,true,82.3,train,64.0
ZFR_0100,generic_eukaryote,chr4,557323,557604,281,model_only,0.7679,1.0000,49.7,1587,false,1,0.0,true,89.1,train,81.6
ZFR_0101,generic_eukaryote,chr5,563705,564064,359,cross_tool,0.5915,0.5291,56.4,1428,true,2,15.9,true,99.3,train,80.1
ZFR_0102,generic_eukaryote,chrX,569098,569434,336,model_only,0.8087,0.8369,25.0,5671,true,3,49.1,true,89.6,train,69.3
ZFR_0103,generic_eukaryote,chr1,573343,573393,50,experimental,0.7143,0.6787,30.4,2246,true,2,11.8,true,100.0,train,88.3
ZFR_0104,generic_eukaryote,chr2,576502,576823,321,predicted_motif,0.7860,0.5580,42.4,1041,false,0,47.4,false,88.4,train,42.0
ZFR_0105,generic_eukaryote,chr3,581280,581411,131,experimental,0.7230,0.8108,37.7,134,true,3,3.6,false,100.0,train,96.3
ZFR_0106,generic_eukaryote,chr4,588466,588498,32,cross_tool,0.7870,0.7444,65.4,3167,true,3,0.0,false,74.2,train,85.0
ZFR_0107,generic_eukaryote,chr5,591507,591819,312,predicted_motif,0.6995,0.4277,85.4,7158,false,1,26.6,false,90.6,train,60.1
ZFR_0108,generic_eukaryote,chrX,598072,598360,288,model_only,0.7191,0.7217,57.9,367,false,1,25.1,false,84.0,train,65.9
ZFR_0109,generic_eukaryote,chr1,602727,602857,130,cross_tool,0.5851,0.6452,72.8,264,true,3,3.1,false,87.4,train,90.5
ZFR_0110,generic_eukaryote,chr2,605704,606081,377,model_only,0.7747,0.8526,16.9,4105,false,0,0.0,true,89.6,train,66.8
ZFR_0111,generic_eukaryote,chr3,612250,612558,308,experimental,0.4460,0.5022,70.6,904,false,2,18.2,true,93.2,train,75.9
ZFR_0112,generic_eukaryote,chr4,616215,616531,316,predicted_motif,0.7930,0.5839,31.9,2476,true,2,40.9,false,86.8,train,62.8
ZFR_0113,generic_eukaryote,chr5,621300,621639,339,experimental,0.7932,0.8513,44.4,1642,true,3,7.4,false,92.2,train,90.5
ZFR_0114,generic_eukaryote,chrX,625414,625638,224,cross_tool,0.9022,0.7986,41.8,1550,true,3,20.4,true,74.4,train,81.0
ZFR_0115,generic_eukaryote,chr1,630156,630471,315,predicted_motif,0.8517,0.7691,14.6,18695,true,3,44.6,false,94.4,train,69.6
ZFR_0116,generic_eukaryote,chr2,636293,636675,382,model_only,0.8136,0.8783,35.2,1453,true,2,26.0,true,93.5,train,78.5
ZFR_0117,generic_eukaryote,chr3,641161,641190,29,cross_tool,0.9142,0.9123,32.9,1879,false,2,0.0,false,75.5,train,76.7
ZFR_0118,generic_eukaryote,chr4,645798,646020,222,model_only,0.4029,0.3450,47.9,7926,true,2,9.0,false,83.7,train,57.2
ZFR_0119,generic_eukaryote,chr5,649361,649652,291,experimental,0.5177,0.5227,51.6,947,true,0,0.0,false,100.0,train,81.2
ZFR_0120,generic_eukaryote,chrX,654295,654410,115,predicted_motif,0.9565,0.8167,9.6,260,false,0,60.8,false,71.8,train,52.2
ZFR_0121,generic_eukaryote,chr1,659888,660201,313,experimental,0.6703,0.8560,72.6,7,true,1,8.3,false,96.8,train,96.3
ZFR_0122,generic_eukaryote,chr2,664466,664576,110,cross_tool,0.6862,0.6086,47.6,4280,true,3,11.1,true,94.8,train,84.2
ZFR_0123,generic_eukaryote,chr3,668719,669082,363,predicted_motif,0.7830,0.3665,44.6,10774,false,1,72.9,false,66.2,train,38.2
ZFR_0124,generic_eukaryote,chr4,674893,674962,69,model_only,0.5202,0.7662,49.0,9747,false,2,36.8,false,68.7,train,51.6
ZFR_0125,generic_eukaryote,chr5,679796,680029,233,cross_tool,0.8933,0.8440,5.9,3369,false,2,11.4,false,80.3,train,73.0
ZFR_0126,generic_eukaryote,chrX,682751,682996,245,model_only,0.6531,0.7046,72.2,1852,true,2,29.7,true,82.6,train,71.2
ZFR_0127,generic_eukaryote,chr1,689586,689926,340,experimental,0.8707,0.8318,57.5,6,true,3,0.0,false,100.0,train,100.0
ZFR_0128,generic_eukaryote,chr2,693354,693740,386,predicted_motif,0.6546,0.4497,18.4,12003,false,2,50.6,false,95.9,train,41.9
ZFR_0129,generic_eukaryote,chr3,699215,699224,9,experimental,0.5777,0.5593,29.5,2158,true,3,16.0,false,90.1,train,80.0
ZFR_0130,generic_eukaryote,chr4,702397,702706,309,cross_tool,0.8688,0.8752,23.6,3081,true,2,39.9,true,81.8,train,75.9
ZFR_0131,generic_eukaryote,chr5,707402,707765,363,predicted_motif,0.7743,0.6380,35.2,11684,false,3,63.1,false,64.6,train,43.7
ZFR_0132,generic_eukaryote,chrX,712759,712920,161,model_only,0.7964,0.9203,27.7,3961,false,0,25.4,false,85.1,train,57.1
ZFR_0133,generic_eukaryote,chr1,718531,718658,127,cross_tool,0.5706,0.4373,32.6,2459,true,1,34.3,true,78.1,train,77.0
ZFR_0134,generic_eukaryote,chr2,721135,721154,19,model_only,0.7370,0.4592,70.2,3155,true,2,36.3,false,56.7,train,59.8
ZFR_0135,generic_eukaryote,chr3,725873,726270,397,experimental,0.6823,0.7429,56.2,1727,true,1,6.4,true,96.4,train,85.7
ZFR_0136,generic_eukaryote,chr4,731349,731747,398,predicted_motif,0.7489,0.6090,29.7,10329,false,1,58.7,true,74.3,train,45.0
ZFR_0137,generic_eukaryote,chr5,736749,736942,193,experimental,0.4678,0.4725,49.6,1933,true,3,26.4,true,73.9,train,79.8
ZFR_0138,generic_eukaryote,chrX,741367,741453,86,cross_tool,0.5862,0.5269,26.7,898,true,3,3.5,true,91.6,train,84.8
ZFR_0139,generic_eukaryote,chr1,746626,746789,163,predicted_motif,0.6791,0.4128,40.5,11153,true,2,53.6,false,66.9,train,46.3
ZFR_0140,generic_eukaryote,chr2,751900,752165,265,model_only,0.5994,0.5190,48.2,12057,true,3,33.2,false,87.7,train,59.5
ZFR_0141,generic_eukaryote,chr3,756829,757021,192,cross_tool,0.5511,0.4823,17.2,2596,true,1,24.1,false,75.2,train,73.5
ZFR_0142,generic_eukaryote,chr4,761198,761251,53,model_only,0.4473,0.4766,33.0,1489,false,0,23.2,false,76.0,train,53.4
ZFR_0143,generic_eukaryote,chr5,766227,766352,125,experimental,0.7354,0.8311,74.4,2390,false,3,4.1,true,77.1,train,84.8
ZFR_0144,generic_eukaryote,chrX,770597,770769,172,predicted_motif,0.7648,0.5637,10.7,6553,false,0,59.9,false,60.4,train,31.1
ZFR_0145,generic_eukaryote,chr1,775298,775625,327,experimental,0.7051,0.7307,67.7,280,false,1,14.8,true,80.9,train,92.7
ZFR_0146,generic_eukaryote,chr2,779756,779995,239,cross_tool,0.9081,0.9421,12.1,451,true,2,3.5,true,100.0,train,87.2
ZFR_0147,generic_eukaryote,chr3,785830,786176,346,predicted_motif,0.8669,0.6989,49.5,1381,false,1,66.8,false,67.7,train,45.9
ZFR_0148,generic_eukaryote,chr4,790424,790640,216,model_only,0.5865,0.6260,35.9,3507,false,3,10.9,true,89.9,train,69.7
ZFR_0149,generic_eukaryote,chr5,794878,795231,353,cross_tool,0.5839,0.6097,23.3,4266,true,2,5.2,false,100.0,train,75.8
ZFR_0150,generic_eukaryote,chrX,800253,800302,49,model_only,0.5220,0.5008,70.2,5672,false,2,39.0,true,81.9,train,55.6
ZFR_0151,generic_eukaryote,chr1,803692,803869,177,experimental,0.7015,0.6250,82.5,1421,true,1,0.0,true,100.0,train,92.4
ZFR_0152,generic_eukaryote,chr2,809014,809039,25,predicted_motif,0.7241,0.5639,16.1,9466,false,2,27.1,true,90.9,train,60.3
ZFR_0153,generic_eukaryote,chr3,814071,814454,383,experimental,0.5733,0.6682,52.7,20,false,1,17.5,true,99.9,train,84.9
ZFR_0154,generic_eukaryote,chr4,817692,817888,196,cross_tool,0.8469,0.8341,17.9,3869,true,3,4.6,true,78.6,train,82.9
ZFR_0155,generic_eukaryote,chr5,823822,824174,352,predicted_motif,0.7284,0.4961,46.5,5880,true,2,25.6,false,77.2,train,59.1
ZFR_0156,generic_eukaryote,chrX,829026,829166,140,model_only,0.6110,0.6215,9.7,8513,false,3,34.4,false,62.3,train,49.5
ZFR_0157,generic_eukaryote,chr1,833798,833864,66,cross_tool,0.8403,0.8711,30.2,6827,false,1,9.0,false,89.0,train,69.8
ZFR_0158,generic_eukaryote,chr2,837904,838128,224,model_only,0.7349,0.8801,19.5,2008,false,2,35.0,false,87.8,train,63.6
ZFR_0159,generic_eukaryote,chr3,843181,843453,272,experimental,0.6573,0.9037,36.1,117,true,3,32.6,false,87.7,train,87.2
ZFR_0160,generic_eukaryote,chr4,846594,846935,341,predicted_motif,0.8675,0.6145,15.8,9250,false,0,51.1,true,78.3,train,38.6
ZFR_0161,generic_eukaryote,chr5,852302,852567,265,experimental,0.5567,0.7142,47.5,2314,true,3,18.5,false,89.5,train,77.3
ZFR_0162,generic_eukaryote,chrX,857939,858184,245,cross_tool,0.8179,0.8293,41.9,3912,true,2,30.7,false,73.4,train,80.0
ZFR_0163,generic_eukaryote,chr1,861671,861942,271,predicted_motif,0.8843,0.7985,34.1,16135,true,3,51.4,true,68.8,train,54.5
ZFR_0164,generic_eukaryote,chr2,867465,867567,102,model_only,0.6103,0.6953,49.0,3537,false,2,32.1,true,66.6,train,69.6
ZFR_0165,generic_eukaryote,chr3,871907,872001,94,cross_tool,0.9246,0.9509,77.8,4263,false,0,0.0,true,75.8,train,80.9
ZFR_0166,generic_eukaryote,chr4,876217,876319,102,model_only,0.6622,0.9428,50.1,2660,false,2,12.6,true,94.7,train,66.6
ZFR_0167,generic_eukaryote,chr5,880294,880425,131,experimental,0.5216,0.6664,37.6,440,true,1,17.2,true,93.3,train,85.3
ZFR_0168,generic_eukaryote,chrX,885459,885651,192,predicted_motif,0.9196,0.8054,50.9,3558,true,1,46.0,false,82.8,train,61.3
ZFR_0169,generic_eukaryote,chr1,889923,890081,158,experimental,0.7947,0.9184,64.4,837,true,1,18.2,true,98.0,train,89.5
ZFR_0170,generic_eukaryote,chr2,894652,895036,384,cross_tool,0.7280,0.8126,71.2,3232,false,3,20.4,true,94.4,train,77.3
ZFR_0171,generic_eukaryote,chr3,900983,901031,48,predicted_motif,0.6663,0.6459,35.7,6085,false,2,4.0,true,78.5,train,56.0
ZFR_0172,generic_eukaryote,chr4,904655,904855,200,model_only,0.6579,0.8869,55.0,2450,false,0,5.4,false,76.0,train,65.4
ZFR_0173,generic_eukaryote,chr5,910788,910987,199,cross_tool,0.5859,0.6749,56.5,2308,false,3,21.9,false,86.7,train,70.8
ZFR_0174,generic_eukaryote,chrX,915555,915590,35,model_only,0.6201,0.5923,37.2,3774,false,1,25.9,false,88.7,train,61.9
ZFR_0175,generic_eukaryote,chr1,920558,920767,209,experimental,0.4630,0.4056,52.1,857,true,3,1.6,false,86.8,train,86.0
ZFR_0176,generic_eukaryote,chr2,925057,925150,93,predicted_motif,0.8048,0.5769,38.2,10739,true,2,23.5,false,80.0,train,59.4
ZFR_0177,generic_eukaryote,chr3,930321,930585,264,experimental,0.4877,0.6385,57.0,481,true,3,19.6,false,83.8,train,90.8
ZFR_0178,generic_eukaryote,chr4,934068,934344,276,cross_tool,0.6292,0.7266,54.3,4467,false,2,16.5,true,90.4,train,76.1
ZFR_0179,generic_eukaryote,chr5,938347,938572,225,predicted_motif,0.7412,0.4527,48.6,26123,false,0,55.4,false,62.6,train,37.0
ZFR_0180,generic_eukaryote,chrX,944051,944242,191,model_only,0.3991,0.4150,68.3,7066,false,1,13.3,false,81.1,train,52.2
ZFR_0181,generic_eukaryote,chr1,949513,949621,108,cross_tool,0.8671,0.8842,66.3,4305,true,3,0.0,false,84.2,train,88.5
ZFR_0182,generic_eukaryote,chr2,952456,952492,36,model_only,0.4427,0.6840,57.7,2541,true,1,38.5,false,78.2,train,56.2
ZFR_0183,generic_eukaryote,chr3,958664,958802,138,experimental,0.4647,0.4395,47.0,458,true,1,9.5,false,87.4,train,79.8
ZFR_0184,generic_eukaryote,chr4,963094,963170,76,predicted_motif,0.7006,0.5208,55.1,7159,false,2,44.9,true,59.3,train,62.9
ZFR_0185,generic_eukaryote,chr5,967520,967724,204,experimental,0.5733,0.5590,53.6,74,true,2,4.9,true,100.0,train,91.0
ZFR_0186,generic_eukaryote,chrX,972445,972740,295,cross_tool,0.7050,0.7139,44.4,3060,true,2,16.9,false,86.5,train,79.6
ZFR_0187,generic_eukaryote,chr1,977507,977537,30,predicted_motif,0.8008,0.5916,36.6,2138,false,1,63.5,false,63.8,train,39.5
ZFR_0188,generic_eukaryote,chr2,981475,981692,217,model_only,0.5146,0.8287,47.1,9170,false,3,20.6,true,88.9,train,68.8
ZFR_0189,generic_eukaryote,chr3,987904,988079,175,cross_tool,0.8693,0.7976,37.9,2200,false,1,22.2,false,70.9,train,69.4
ZFR_0190,generic_eukaryote,chr4,992339,992739,400,model_only,0.7893,0.7218,47.5,5630,true,2,2.8,true,98.6,train,71.4
ZFR_0191,generic_eukaryote,chr5,996306,996438,132,experimental,0.5848,0.6185,71.5,331,true,3,21.9,false,81.4,train,90.5
ZFR_0192,generic_eukaryote,chrX,1002176,1002466,290,predicted_motif,0.9050,0.6476,10.6,3260,false,2,33.4,false,97.6,train,65.8
ZFR_0193,generic_eukaryote,chr1,1005375,1005747,372,experimental,0.7492,0.8314,22.0,1666,false,0,11.2,false,86.8,validation,83.1
ZFR_0194,generic_eukaryote,chr2,1010468,1010846,378,cross_tool,0.7150,0.7711,65.1,663,false,1,30.0,true,92.2,validation,76.2
ZFR_0195,generic_eukaryote,chr3,1017265,1017548,283,predicted_motif,0.8010,0.6455,29.5,1169,true,3,65.1,true,66.8,validation,54.3
ZFR_0196,generic_eukaryote,chr4,1020523,1020548,25,model_only,0.6478,0.8574,100.0,8460,true,2,36.5,true,73.8,validation,73.1
ZFR_0197,generic_eukaryote,chr5,1024949,1025105,156,cross_tool,0.6034,0.5062,33.8,1059,false,2,25.5,false,84.7,validation,77.1
ZFR_0198,generic_eukaryote,chrX,1031171,1031496,325,model_only,0.4431,0.6001,64.0,3519,false,1,46.0,true,77.1,validation,53.5
ZFR_0199,generic_eukaryote,chr1,1035713,1035995,282,experimental,0.6853,0.7815,38.6,498,false,0,11.2,true,82.5,validation,84.5
ZFR_0200,generic_eukaryote,chr2,1040981,1040993,12,predicted_motif,0.6764,0.4733,50.0,4943,false,1,38.7,true,59.6,validation,54.4
ZFR_0201,generic_eukaryote,chr3,1045361,1045719,358,experimental,0.5958,0.6563,49.0,1693,true,1,5.7,true,100.0,validation,82.1
ZFR_0202,generic_eukaryote,chr4,1049214,1049610,396,cross_tool,0.6223,0.7043,73.6,3471,false,3,6.5,true,96.2,validation,81.0
ZFR_0203,generic_eukaryote,chr5,1054802,1054893,91,predicted_motif,0.8172,0.4773,77.1,5095,false,1,46.2,false,66.3,validation,39.6
ZFR_0204,generic_eukaryote,chrX,1060357,1060507,150,model_only,0.5054,0.6557,9.2,338,false,1,24.2,true,74.6,validation,65.6
ZFR_0205,generic_eukaryote,chr1,1064746,1065118,372,cross_tool,0.7608,0.6890,37.7,1047,true,1,17.5,true,86.6,validation,78.7
ZFR_0206,generic_eukaryote,chr2,1069430,1069579,149,model_only,0.4181,0.3795,19.6,10109,true,0,0.0,true,92.9,validation,57.8
ZFR_0207,generic_eukaryote,chr3,1074600,1074957,357,experimental,0.7149,0.7018,63.5,201,true,1,1.2,true,94.3,validation,94.6
ZFR_0208,generic_eukaryote,chr4,1079598,1079769,171,predicted_motif,0.9264,0.9579,70.8,30963,false,2,52.4,true,73.4,validation,51.2
ZFR_0209,generic_eukaryote,chr5,1084290,1084687,397,experimental,0.5108,0.4143,65.5,239,true,2,14.7,false,94.2,validation,88.3
ZFR_0210,generic_eukaryote,chrX,1088427,1088636,209,cross_tool,0.8237,0.8664,66.5,3263,true,1,8.1,false,100.0,validation,86.7
ZFR_0211,generic_eukaryote,chr1,1092331,1092560,229,predicted_motif,0.9289,0.6572,6.0,14725,false,2,59.2,true,62.6,validation,47.1
ZFR_0212,generic_eukaryote,chr2,1098983,1099009,26,model_only,0.6989,0.6908,64.2,6889,false,0,7.7,false,80.6,validation,61.3
ZFR_0213,generic_eukaryote,chr3,1101694,1101901,207,cross_tool,0.8386,0.8900,92.4,1851,true,1,32.1,false,74.9,validation,79.9
ZFR_0214,generic_eukaryote,chr4,1106671,1106888,217,model_only,0.3909,0.5104,86.7,7902,false,0,39.5,false,73.2,validation,51.3
ZFR_0215,generic_eukaryote,chr5,1111752,1111846,94,experimental,0.6934,0.7162,59.4,1536,true,2,10.3,true,79.8,validation,89.3
ZFR_0216,generic_eukaryote,chrX,1118292,1118451,159,predicted_motif,0.8875,0.8012,37.9,12256,false,1,57.4,true,88.4,validation,46.4
ZFR_0217,generic_eukaryote,chr1,1123020,1123389,369,experimental,0.7079,0.6462,72.5,876,true,2,21.8,false,90.5,validation,88.2
ZFR_0218,generic_eukaryote,chr2,1126616,1126749,133,cross_tool,0.6108,0.6243,29.0,3496,false,2,5.4,true,87.1,validation,77.9
ZFR_0219,generic_eukaryote,chr3,1131564,1131632,68,predicted_motif,0.8644,0.7479,56.3,2210,false,1,59.8,false,43.3,validation,49.2
ZFR_0220,generic_eukaryote,chr4,1135503,1135865,362,model_only,0.4031,0.4491,42.6,2304,false,1,21.9,false,92.8,validation,55.9
ZFR_0221,generic_eukaryote,chr5,1141519,1141636,117,cross_tool,0.7041,0.6266,58.6,3333,true,1,35.1,true,63.2,validation,77.6
ZFR_0222,generic_eukaryote,chrX,1146695,1146823,128,model_only,0.7069,0.8918,8.3,4073,true,2,26.5,true,76.2,validation,69.4
ZFR_0223,generic_eukaryote,chr1,1151047,1151242,195,experimental,0.5552,0.6166,49.9,942,false,0,13.7,true,90.3,validation,79.3
ZFR_0224,generic_eukaryote,chr2,1154791,1155159,368,predicted_motif,0.7177,0.5877,5.3,17626,true,2,89.9,false,53.6,validation,48.2
ZFR_0225,generic_eukaryote,chr3,1159665,1159682,17,experimental,0.6926,0.8447,73.0,399,true,1,0.0,true,96.4,validation,98.5
ZFR_0226,generic_eukaryote,chr4,1165315,1165346,31,cross_tool,0.8530,0.8003,80.8,1764,true,0,13.4,true,84.6,validation,87.4
ZFR_0227,generic_eukaryote,chr5,1169238,1169482,244,predicted_motif,0.7174,0.3506,18.1,11619,false,0,54.9,true,75.4,validation,38.0
ZFR_0228,generic_eukaryote,chrX,1174874,1175175,301,model_only,0.6210,0.5906,3.1,1294,false,1,39.3,true,100.0,validation,64.7
ZFR_0229,generic_eukaryote,chr1,1178733,1179016,283,cross_tool,0.9323,0.9498,48.6,2667,true,3,12.3,false,97.5,validation,92.7
ZFR_0230,generic_eukaryote,chr2,1184240,1184426,186,model_only,0.4712,0.7243,29.4,2246,true,1,6.6,false,98.8,validation,60.8
ZFR_0231,generic_eukaryote,chr3,1188528,1188846,318,experimental,0.8420,0.8421,56.3,672,true,3,23.6,false,86.1,validation,96.4
ZFR_0232,generic_eukaryote,chr4,1195433,1195522,89,predicted_motif,0.8933,0.7149,38.7,4731,true,3,26.2,false,82.7,validation,69.8
ZFR_0233,generic_eukaryote,chr5,1198031,1198210,179,experimental,0.8520,1.0000,44.7,3657,false,2,29.8,true,86.2,validation,83.5
ZFR_0234,generic_eukaryote,chrX,1204806,1204852,46,cross_tool,0.5748,0.4934,61.2,2196,true,1,23.4,true,86.1,validation,80.9
ZFR_0235,generic_eukaryote,chr1,1208252,1208382,130,predicted_motif,0.8005,0.5684,59.7,3195,false,1,32.2,false,84.8,validation,67.0
ZFR_0236,generic_eukaryote,chr2,1214443,1214825,382,model_only,0.5626,0.6008,40.0,8529,false,1,17.1,false,89.9,validation,59.3
ZFR_0237,generic_eukaryote,chr3,1219693,1219851,158,cross_tool,0.7538,0.7840,32.5,1696,true,2,0.0,false,93.5,validation,83.2
ZFR_0238,generic_eukaryote,chr4,1222215,1222504,289,model_only,0.6928,0.7342,15.8,3210,true,3,17.7,true,83.2,validation,75.8
ZFR_0239,generic_eukaryote,chr5,1228660,1229015,355,experimental,0.6495,0.5241,78.8,354,true,3,14.0,true,100.0,validation,100.0
ZFR_0240,generic_eukaryote,chrX,1233181,1233254,73,predicted_motif,0.8981,0.7322,27.9,16263,true,3,54.8,true,73.8,validation,52.0
ZFR_0241,generic_eukaryote,chr1,1237886,1238143,257,experimental,0.6129,0.5767,22.2,764,true,2,9.1,true,100.0,validation,83.1
ZFR_0242,generic_eukaryote,chr2,1242136,1242427,291,cross_tool,0.6889,0.5050,24.8,1627,false,2,17.0,true,93.1,validation,77.7
ZFR_0243,generic_eukaryote,chr3,1246443,1246484,41,predicted_motif,0.8788,0.5490,30.9,9653,false,1,34.2,true,63.9,validation,61.6
ZFR_0244,generic_eukaryote,chr4,1251946,1252325,379,model_only,0.6546,0.6092,51.5,584,false,0,33.1,true,75.4,validation,63.4
ZFR_0245,generic_eukaryote,chr5,1257024,1257160,136,cross_tool,0.5507,0.6079,62.1,639,false,2,45.5,true,68.0,validation,74.1
ZFR_0246,generic_eukaryote,chrX,1261742,1261912,170,model_only,0.4988,0.4344,63.6,7685,false,1,35.1,true,83.8,validation,68.9
ZFR_0247,generic_eukaryote,chr1,1266546,1266888,342,experimental,0.5417,0.6159,65.4,18,true,3,29.1,true,95.9,validation,95.8
ZFR_0248,generic_eukaryote,chr2,1270719,1271084,365,predicted_motif,0.9253,0.7358,61.4,5334,true,3,36.9,false,97.2,validation,75.9
ZFR_0249,generic_eukaryote,chr3,1275626,1275925,299,experimental,0.4770,0.4303,64.9,202,true,3,12.4,true,100.0,validation,92.2
ZFR_0250,generic_eukaryote,chr4,1280881,1281205,324,cross_tool,0.6013,0.5680,27.0,4177,true,1,25.8,false,93.6,validation,80.0
ZFR_0251,generic_eukaryote,chr5,1286093,1286338,245,predicted_motif,0.8288,0.6985,15.1,14017,false,0,30.8,false,66.0,validation,49.8
ZFR_0252,generic_eukaryote,chrX,1291782,1292124,342,model_only,0.4567,0.4997,5.1,1775,false,2,12.1,true,81.0,validation,62.9
ZFR_0253,generic_eukaryote,chr1,1295686,1295894,208,cross_tool,0.7338,0.6922,40.7,1484,true,2,16.9,true,83.6,validation,81.3
ZFR_0254,generic_eukaryote,chr2,1300763,1301018,255,model_only,0.7217,0.7331,36.1,3795,true,2,32.4,true,68.6,validation,71.8
ZFR_0255,generic_eukaryote,chr3,1304423,1304531,108,experimental,0.5980,0.5942,54.4,1413,true,2,17.2,false,66.1,validation,78.0
ZFR_0256,generic_eukaryote,chr4,1308853,1309232,379,predicted_motif,0.8657,0.6133,21.9,11119,false,1,67.6,true,65.2,validation,42.4
ZFR_0257,generic_eukaryote,chr5,1315417,1315568,151,experimental,0.4902,0.4800,82.9,999,false,3,18.7,true,71.1,test,77.6
ZFR_0258,generic_eukaryote,chrX,1319064,1319160,96,cross_tool,0.5623,0.6177,39.2,139,true,1,12.3,false,86.6,test,85.3
ZFR_0259,generic_eukaryote,chr1,1323944,1324262,318,predicted_motif,0.7362,0.7577,69.2,4233,false,3,71.5,true,72.1,test,49.0
ZFR_0260,generic_eukaryote,chr2,1329896,1330025,129,model_only,0.6338,0.8514,16.3,2231,false,2,46.4,false,74.1,test,54.0
ZFR_0261,generic_eukaryote,chr3,1333846,1334000,154,cross_tool,0.5677,0.6451,64.1,3347,true,3,23.7,false,75.0,test,80.0
ZFR_0262,generic_eukaryote,chr4,1339514,1339747,233,model_only,0.5908,0.6686,59.4,1920,false,0,15.7,false,76.5,test,62.0
ZFR_0263,generic_eukaryote,chr5,1344482,1344490,8,experimental,0.6827,0.7901,53.6,1160,true,1,0.0,false,87.6,test,79.1
ZFR_0264,generic_eukaryote,chrX,1349336,1349571,235,predicted_motif,0.7881,0.5219,42.1,12673,false,3,77.6,false,69.0,test,35.2
ZFR_0265,generic_eukaryote,chr1,1353666,1354034,368,experimental,0.7714,0.7638,22.9,188,true,2,21.1,false,91.3,test,88.4
ZFR_0266,generic_eukaryote,chr2,1358238,1358302,64,cross_tool,0.7885,0.7581,94.8,4743,true,3,18.4,true,80.5,test,89.2
ZFR_0267,generic_eukaryote,chr3,1363500,1363861,361,predicted_motif,0.8821,0.9850,14.6,19923,true,3,15.4,false,96.9,test,72.3
ZFR_0268,generic_eukaryote,chr4,1367631,1367755,124,model_only,0.4567,0.3321,38.2,3282,true,2,10.3,false,88.0,test,52.7
ZFR_0269,generic_eukaryote,chr5,1371886,1371961,75,cross_tool,0.5782,0.7161,39.2,1836,false,2,38.7,false,76.9,test,62.7
ZFR_0270,generic_eukaryote,chrX,1378103,1378273,170,model_only,0.4893,0.6453,57.6,2047,true,2,0.0,true,89.4,test,69.9
ZFR_0271,generic_eukaryote,chr1,1383212,1383295,83,experimental,0.5391,0.4040,58.3,192,false,2,0.0,false,62.8,test,80.5
ZFR_0272,generic_eukaryote,chr2,1388020,1388160,140,predicted_motif,0.7138,0.5691,77.8,18172,true,0,19.6,false,83.1,test,72.2
ZFR_0273,generic_eukaryote,chr3,1393110,1393175,65,experimental,0.7030,0.8340,88.5,311,true,3,14.0,false,82.2,test,95.8
ZFR_0274,generic_eukaryote,chr4,1396255,1396387,132,cross_tool,0.8469,0.8886,22.0,486,true,3,10.5,true,86.2,test,93.3
ZFR_0275,generic_eukaryote,chr5,1402361,1402496,135,predicted_motif,0.7703,0.5255,39.9,27721,false,2,29.6,false,84.3,test,50.9
ZFR_0276,generic_eukaryote,chrX,1405395,1405784,389,model_only,0.4052,0.5770,26.4,1898,false,1,21.9,false,99.7,test,57.6
ZFR_0277,generic_eukaryote,chr1,1411727,1411884,157,cross_tool,0.7000,0.5947,47.5,18,true,2,14.9,true,67.3,test,88.6
ZFR_0278,generic_eukaryote,chr2,1417050,1417066,16,model_only,0.5625,0.6433,25.4,4613,false,2,47.3,true,69.7,test,50.9
ZFR_0279,generic_eukaryote,chr3,1420321,1420576,255,experimental,0.4239,0.3231,61.5,2730,true,2,6.6,true,86.9,test,83.6
ZFR_0280,generic_eukaryote,chr4,1425819,1426030,211,predicted_motif,0.8958,0.6130,23.6,1037,false,0,58.4,true,58.2,test,49.0
ZFR_0281,generic_eukaryote,chr5,1430732,1430812,80,experimental,0.7463,0.6362,58.0,1272,false,1,16.8,true,61.4,test,83.9
ZFR_0282,generic_eukaryote,chrX,1435372,1435471,99,cross_tool,0.9036,0.7893,31.2,1709,false,1,40.2,true,62.3,test,70.3
ZFR_0283,generic_eukaryote,chr1,1441014,1441302,288,predicted_motif,0.9510,0.5727,0.0,1897,false,0,37.2,false,100.0,test,65.6
ZFR_0284,generic_eukaryote,chr2,1444668,1444905,237,model_only,0.5802,0.6682,0.0,3964,true,1,33.8,false,74.7,test,50.2
ZFR_0285,generic_eukaryote,chr3,1449817,1449918,101,cross_tool,0.9268,0.9302,32.0,549,true,1,25.8,false,82.6,test,80.8
ZFR_0286,generic_eukaryote,chr4,1453550,1453782,232,model_only,0.5282,0.6740,16.7,6119,false,2,37.4,true,83.2,test,59.8
ZFR_0287,generic_eukaryote,chr5,1460615,1460807,192,experimental,0.6218,0.7831,58.3,1568,true,3,2.3,true,79.1,test,88.4
ZFR_0288,generic_eukaryote,chrX,1464964,1465360,396,predicted_motif,0.8451,0.6131,53.7,2336,false,0,66.0,true,72.4,test,38.4
ZFR_0289,generic_eukaryote,chr1,1469364,1469558,194,experimental,0.4894,0.5762,72.7,230,true,3,26.5,false,87.4,test,91.4
ZFR_0290,generic_eukaryote,chr2,1473670,1474062,392,cross_tool,0.8397,0.7917,43.2,1330,false,3,0.0,false,100.0,test,87.4
ZFR_0291,generic_eukaryote,chr3,1480009,1480165,156,predicted_motif,0.6783,0.6029,61.5,11877,true,3,53.2,true,56.6,test,53.4
ZFR_0292,generic_eukaryote,chr4,1482751,1482890,139,model_only,0.4930,0.7416,50.9,12923,false,0,10.3,false,91.8,test,46.3
ZFR_0293,generic_eukaryote,chr5,1488299,1488637,338,cross_tool,0.7573,0.7444,69.5,1514,false,0,10.7,false,82.6,test,80.9
ZFR_0294,generic_eukaryote,chrX,1493365,1493722,357,model_only,0.5255,0.8148,55.6,7326,false,1,30.7,false,92.3,test,55.4
ZFR_0295,generic_eukaryote,chr1,1499222,1499297,75,experimental,0.4442,0.4077,66.8,1274,false,2,0.0,false,84.9,test,72.2
ZFR_0296,generic_eukaryote,chr2,1503712,1503962,250,predicted_motif,0.8728,0.7137,29.6,29043,false,1,57.9,true,61.2,test,41.9
ZFR_0297,generic_eukaryote,chr3,1507953,1508176,223,experimental,0.7959,0.8296,46.9,1742,false,2,37.4,false,83.8,test,76.4
ZFR_0298,generic_eukaryote,chr4,1513677,1513712,35,cross_tool,0.7409,0.7611,52.2,204,false,1,26.4,true,77.7,test,86.4
ZFR_0299,generic_eukaryote,chr5,1516568,1516737,169,predicted_motif,0.8298,0.6760,64.4,4200,false,1,52.3,false,62.7,test,52.8
ZFR_0300,generic_eukaryote,chrX,1521314,1521476,162,model_only,0.4026,0.4471,88.5,8142,false,2,21.8,true,80.5,test,57.0
ZFR_0301,generic_eukaryote,chr1,1527607,1527676,69,cross_tool,0.6750,0.5973,40.4,7442,false,1,29.7,true,75.2,test,73.9
ZFR_0302,generic_eukaryote,chr2,1531808,1531847,39,model_only,0.4918,0.6512,58.6,4212,true,2,32.3,true,82.8,test,66.5
ZFR_0303,generic_eukaryote,chr3,1537410,1537703,293,experimental,0.5329,0.5659,71.1,480,true,2,15.0,true,100.0,test,91.6
ZFR_0304,generic_eukaryote,chr4,1542610,1542909,299,predicted_motif,0.6845,0.5673,87.6,22108,false,1,54.3,false,70.6,test,44.5
ZFR_0305,generic_eukaryote,chr5,1545217,1545285,68,experimental,0.7951,0.8363,57.0,395,true,3,19.8,false,91.3,test,98.7
ZFR_0306,generic_eukaryote,chrX,1550804,1550904,100,cross_tool,0.7917,0.7186,65.8,1999,true,2,43.4,false,77.7,test,79.4
ZFR_0307,generic_eukaryote,chr1,1555957,1556267,310,predicted_motif,0.8451,0.5569,37.7,7207,true,3,37.0,false,93.3,test,62.0
ZFR_0308,generic_eukaryote,chr2,1561365,1561434,69,model_only,0.6066,0.5767,12.5,16707,true,2,20.6,false,75.0,test,55.4
ZFR_0309,generic_eukaryote,chr3,1565628,1565941,313,cross_tool,0.5527,0.4979,58.7,2813,true,3,32.4,true,100.0,test,85.2
ZFR_0310,generic_eukaryote,chr4,1569273,1569357,84,model_only,0.8133,1.0000,30.6,1566,false,0,41.7,false,64.7,test,61.4
ZFR_0311,generic_eukaryote,chr5,1576347,1576670,323,experimental,0.7669,0.9377,46.2,621,true,3,0.0,true,94.7,test,90.4
ZFR_0312,generic_eukaryote,chrX,1580912,1580921,9,predicted_motif,0.7371,0.4211,53.8,8016,false,1,59.6,false,55.8,test,42.8
ZFR_0313,generic_eukaryote,chr1,1584772,1585140,368,experimental,0.4261,0.5873,84.8,1338,false,1,16.8,false,74.6,test,72.1
ZFR_0314,generic_eukaryote,chr2,1588562,1588961,399,cross_tool,0.8331,0.8849,55.9,4756,true,3,0.0,true,91.7,test,98.8
ZFR_0315,generic_eukaryote,chr3,1595409,1595520,111,predicted_motif,0.8210,0.5192,34.0,8562,true,3,18.6,false,79.6,test,61.3
ZFR_0316,generic_eukaryote,chr4,1599003,1599121,118,model_only,0.4531,0.7052,18.0,10598,false,2,50.7,false,69.8,test,47.5
ZFR_0317,generic_eukaryote,chr5,1605061,1605426,365,cross_tool,0.6172,0.5626,24.8,2994,true,2,13.2,true,87.3,test,85.6
ZFR_0318,generic_eukaryote,chrX,1609465,1609701,236,model_only,0.4101,0.6626,41.5,794,true,3,40.9,false,65.8,test,57.0
ZFR_0319,generic_eukaryote,chr1,1613890,1613974,84,experimental,0.8403,0.9462,52.5,278,true,2,8.9,true,74.2,test,91.3
ZFR_0320,generic_eukaryote,chr2,1617678,1617921,243,predicted_motif,0.8483,0.7585,0.0,11247,false,2,18.7,false,86.0,test,58.7
