candidate_id,split,species,chromosome,start,end,length_bp,zdna_score,z_dnabert_probability,evidence_type,cpx_overlap_pct,tss_distance_bp,promoter_overlap,regulatory_marks,repeat_overlap_pct,primer_uniqueness,z_signal,regulatory_context,evidence_support,bias_risk,validation_feasibility,biological_plausibility,biological_label,evidence_confidence,confidence_label,priority_score,priority_queue,expert_priority_score,expert_queue,shin_label,hunter_vote_fraction,model1_vote_fraction,model2_vote_fraction,dnabert_vote_fraction,aggregate_vote_fraction,weighted_hunter_signal,selected_sources,shin_window_start,shin_window_end,shin_window_length
ZFR_0127,train,generic_eukaryote,chr1,689586,689926,340,0.8707,0.8318,experimental,57.5,6,true,3,0.0,100.0,84.969,92.8,84.384,3.006,100.0,0.0,,0.0,,96.097,A_validovat,100.0,A_validovat,,,,,,,,,,,
ZFR_0311,test,generic_eukaryote,chr5,1576347,1576670,323,0.7669,0.9377,experimental,46.2,621,true,3,0.0,94.7,85.913,81.733,91.482,4.72,97.35,0.0,,0.0,,93.72,A_validovat,90.4,A_validovat,,,,,,,,,,,
ZFR_0041,train,generic_eukaryote,chr5,272839,272904,65,0.5795,0.6228,experimental,82.1,158,true,2,0.0,100.0,60.288,91.704,94.287,3.063,100.0,0.0,,0.0,,93.12,A_validovat,96.7,A_validovat,,,,,,,,,,,
ZFR_0018,train,generic_eukaryote,chrX,163620,163711,91,0.8665,0.9096,cross_tool,87.5,450,true,2,2.6,80.9,88.977,86.56,85.452,8.172,89.93,0.0,,0.0,,92.441,A_validovat,100.0,A_validovat,,,,,,,,,,,
ZFR_0105,train,generic_eukaryote,chr3,581280,581411,131,0.7230,0.8108,experimental,37.7,134,true,3,3.6,100.0,77.041,88.048,83.308,5.873,99.28,0.0,,0.0,,91.87,A_validovat,96.3,A_validovat,,,,,,,,,,,
ZFR_0207,validation,generic_eukaryote,chr3,1074600,1074957,357,0.7149,0.7018,experimental,63.5,201,true,1,1.2,94.3,70.783,80.24,94.952,3.414,96.91,0.0,,0.0,,91.709,A_validovat,94.6,A_validovat,,,,,,,,,,,
ZFR_0319,test,generic_eukaryote,chr1,1613890,1613974,84,0.8403,0.9462,experimental,52.5,278,true,2,8.9,74.2,89.749,80.086,92.91,9.395,85.32,0.0,,0.0,,91.397,A_validovat,91.3,A_validovat,,,,,,,,,,,
ZFR_0225,validation,generic_eukaryote,chr3,1159665,1159682,17,0.6926,0.8447,experimental,73.0,399,true,1,0.0,96.4,77.473,76.651,91.894,4.477,98.2,0.0,,0.0,,90.877,A_validovat,98.5,A_validovat,,,,,,,,,,,
ZFR_0010,train,generic_eukaryote,chr4,125090,125464,374,0.8385,0.8899,cross_tool,75.8,2564,true,3,8.4,100.0,86.626,78.844,85.269,11.876,98.32,0.0,,0.0,,90.31,A_validovat,95.6,A_validovat,,,,,,,,,,,
ZFR_0273,test,generic_eukaryote,chr3,1393110,1393175,65,0.7030,0.8340,experimental,88.5,311,true,3,14.0,82.2,77.374,95.357,82.358,12.883,88.3,0.0,,0.0,,90.066,A_validovat,95.8,A_validovat,,,,,,,,,,,
ZFR_0185,train,generic_eukaryote,chr5,967520,967724,204,0.5733,0.5590,experimental,53.6,74,true,2,4.9,100.0,56.558,84.864,94.925,5.724,99.02,0.0,,0.0,,89.856,A_validovat,91.0,A_validovat,,,,,,,,,,,
ZFR_0146,train,generic_eukaryote,chr2,779756,779995,239,0.9081,0.9421,cross_tool,12.1,451,true,2,3.5,100.0,92.646,68.453,85.652,8.612,99.3,0.0,,0.0,,89.685,A_validovat,87.2,A_validovat,,,,,,,,,,,
ZFR_0239,validation,generic_eukaryote,chr5,1228660,1229015,355,0.6495,0.5241,experimental,78.8,354,true,3,14.0,100.0,58.178,92.547,92.481,12.81,97.2,0.0,,0.0,,89.446,A_validovat,100.0,A_validovat,,,,,,,,,,,
ZFR_0305,test,generic_eukaryote,chr5,1545217,1545285,68,0.7951,0.8363,experimental,57.0,395,true,3,19.8,91.3,81.735,86.856,84.334,15.312,91.69,0.0,,0.0,,89.381,A_validovat,98.7,A_validovat,,,,,,,,,,,
ZFR_0097,train,generic_eukaryote,chr1,543316,543709,393,0.6196,0.5567,experimental,100.0,1274,true,3,0.0,96.6,58.563,89.393,83.856,3.318,98.3,0.0,,0.0,,88.991,A_validovat,97.8,A_validovat,,,,,,,,,,,
ZFR_0073,train,generic_eukaryote,chr1,429461,429770,309,0.7451,0.8248,experimental,43.6,1978,true,2,0.0,92.1,78.814,66.27,93.487,3.536,96.05,0.0,,0.0,,88.658,A_validovat,100.0,A_validovat,,,,,,,,,,,
ZFR_0098,train,generic_eukaryote,chr2,549803,549911,108,0.8429,0.8549,cross_tool,48.1,1769,true,3,8.2,90.5,84.938,75.118,86.136,11.24,93.61,0.0,,0.0,,88.548,A_validovat,91.4,A_validovat,,,,,,,,,,,
ZFR_0249,validation,generic_eukaryote,chr3,1275626,1275925,299,0.4770,0.4303,experimental,64.9,202,true,3,12.4,100.0,45.178,94.576,94.213,10.795,97.52,0.0,,0.0,,88.509,A_validovat,92.2,A_validovat,,,,,,,,,,,
ZFR_0274,test,generic_eukaryote,chr4,1396255,1396387,132,0.8469,0.8886,cross_tool,22.0,486,true,3,10.5,86.2,86.942,77.437,85.483,13.052,91.0,0.0,,0.0,,88.488,A_validovat,93.3,A_validovat,,,,,,,,,,,
ZFR_0087,train,generic_eukaryote,chr3,494814,495115,301,0.5955,0.5521,experimental,66.4,242,true,3,13.6,100.0,57.206,94.936,84.285,11.496,97.28,0.0,,0.0,,88.371,A_validovat,96.0,A_validovat,,,,,,,,,,,
ZFR_0231,validation,generic_eukaryote,chr3,1188528,1188846,318,0.8420,0.8421,experimental,56.3,672,true,3,23.6,86.1,84.205,83.586,85.238,17.133,88.33,0.0,,0.0,,88.306,A_validovat,96.4,A_validovat,,,,,,,,,,,
ZFR_0037,train,generic_eukaryote,chr1,253917,254149,232,0.8234,0.7740,cross_tool,47.3,217,true,3,25.4,90.7,79.672,90.352,85.313,22.39,90.27,0.0,,0.0,,88.275,A_validovat,92.3,A_validovat,,,,,,,,,,,
ZFR_0113,train,generic_eukaryote,chr5,621300,621639,339,0.7932,0.8513,experimental,44.4,1642,true,3,7.4,92.2,82.457,74.697,83.962,7.843,94.62,0.0,,0.0,,88.178,A_validovat,90.5,A_validovat,,,,,,,,,,,
ZFR_0121,train,generic_eukaryote,chr1,659888,660201,313,0.6703,0.8560,experimental,72.6,7,true,1,8.3,96.8,77.058,82.424,81.155,10.06,96.74,0.0,,0.0,,88.005,A_validovat,96.3,A_validovat,,,,,,,,,,,
ZFR_0151,train,generic_eukaryote,chr1,803692,803869,177,0.7015,0.6250,experimental,82.5,1421,true,1,0.0,100.0,66.019,70.653,93.557,3.495,100.0,0.0,,0.0,,87.911,A_validovat,92.4,A_validovat,,,,,,,,,,,
ZFR_0169,train,generic_eukaryote,chr1,889923,890081,158,0.7947,0.9184,experimental,64.4,837,true,1,18.2,98.0,86.15,69.682,92.519,15.392,95.36,0.0,,0.0,,87.908,A_validovat,89.5,A_validovat,,,,,,,,,,,
ZFR_0287,test,generic_eukaryote,chr5,1460615,1460807,192,0.6218,0.7831,experimental,58.3,1568,true,3,2.3,79.1,70.89,78.305,91.691,6.023,89.09,0.0,,0.0,,87.905,A_validovat,88.4,A_validovat,,,,,,,,,,,
ZFR_0247,validation,generic_eukaryote,chr1,1266546,1266888,342,0.5417,0.6159,experimental,65.4,18,true,3,29.1,95.9,58.177,94.696,93.608,21.507,92.13,0.0,,0.0,,87.582,A_validovat,95.8,A_validovat,,,,,,,,,,,
ZFR_0314,test,generic_eukaryote,chr2,1588562,1588961,399,0.8331,0.8849,cross_tool,55.9,4756,true,3,0.0,91.7,86.107,66.013,85.26,6.673,95.85,0.0,,0.0,,87.307,A_validovat,98.8,A_validovat,,,,,,,,,,,
ZFR_0009,train,generic_eukaryote,chr3,118616,119008,392,0.6527,0.6072,experimental,50.6,1669,true,2,0.0,100.0,62.813,69.085,94.239,3.091,100.0,0.0,,0.0,,87.149,A_validovat,87.4,A_validovat,,,,,,,,,,,
ZFR_0229,validation,generic_eukaryote,chr1,1178733,1179016,283,0.9323,0.9498,cross_tool,48.6,2667,true,3,12.3,97.5,94.175,71.938,76.015,13.854,96.29,0.0,,0.0,,86.813,A_validovat,92.7,A_validovat,,,,,,,,,,,
ZFR_0303,test,generic_eukaryote,chr3,1537410,1537703,293,0.5329,0.5659,experimental,71.1,480,true,2,15.0,100.0,55.072,82.288,94.514,12.229,97.0,0.0,,0.0,,86.783,A_validovat,91.6,A_validovat,,,,,,,,,,,
ZFR_0063,train,generic_eukaryote,chr3,379413,379788,375,0.6637,0.8236,experimental,29.2,137,true,3,19.9,94.7,75.005,86.008,81.722,16.917,93.37,0.0,,0.0,,86.624,A_validovat,93.2,A_validovat,,,,,,,,,,,
ZFR_0215,validation,generic_eukaryote,chr5,1111752,1111846,94,0.6934,0.7162,experimental,59.4,1536,true,2,10.3,79.8,70.571,71.686,94.738,9.182,87.84,0.0,,0.0,,86.183,A_validovat,89.3,A_validovat,,,,,,,,,,,
ZFR_0029,train,generic_eukaryote,chr5,216410,216568,158,0.7633,0.8631,cross_tool,48.6,2689,true,3,9.6,95.8,81.719,71.857,84.204,13.249,95.98,0.0,,0.0,,86.137,A_validovat,79.0,B_prioritne_preskumat,,,,,,,,,,,
ZFR_0109,train,generic_eukaryote,chr1,602727,602857,130,0.5851,0.6452,cross_tool,72.8,264,true,3,3.1,87.4,61.755,92.115,75.078,8.703,93.08,0.0,,0.0,,85.999,A_validovat,90.5,A_validovat,,,,,,,,,,,
ZFR_0181,train,generic_eukaryote,chr1,949513,949621,108,0.8671,0.8842,cross_tool,66.3,4305,true,3,0.0,84.2,87.633,70.166,76.024,6.222,92.1,0.0,,0.0,,85.97,A_validovat,88.5,A_validovat,,,,,,,,,,,
ZFR_0265,test,generic_eukaryote,chr1,1353666,1354034,368,0.7714,0.7638,experimental,22.9,188,true,2,21.1,91.3,76.73,77.496,85.073,15.681,91.43,0.0,,0.0,,85.831,A_validovat,88.4,A_validovat,,,,,,,,,,,
ZFR_0065,train,generic_eukaryote,chr5,388861,388893,32,0.7746,0.9249,experimental,52.4,894,true,1,6.9,95.8,85.576,66.163,81.933,8.732,96.52,0.0,,0.0,,85.726,A_validovat,90.4,A_validovat,,,,,,,,,,,
ZFR_0089,train,generic_eukaryote,chr5,505194,505453,259,0.8139,0.7941,experimental,59.9,1543,true,2,13.0,85.0,80.321,71.78,84.804,10.817,89.9,0.0,,0.0,,85.703,A_validovat,90.8,A_validovat,,,,,,,,,,,
ZFR_0135,train,generic_eukaryote,chr3,725873,726270,397,0.6823,0.7429,experimental,56.2,1727,true,1,6.4,96.4,71.502,63.216,93.907,7.256,96.92,0.0,,0.0,,85.685,A_validovat,85.7,A_validovat,,,,,,,,,,,
ZFR_0143,train,generic_eukaryote,chr5,766227,766352,125,0.7354,0.8311,experimental,74.4,2390,false,3,4.1,77.1,78.708,63.148,93.135,6.286,87.73,0.0,,0.0,,85.496,A_validovat,84.8,A_validovat,,,,,,,,,,,
ZFR_0095,train,generic_eukaryote,chr5,533159,533450,291,0.6208,0.5588,experimental,49.0,137,true,2,17.4,80.5,58.732,83.76,93.876,14.094,86.77,0.0,,0.0,,85.468,A_validovat,92.0,A_validovat,,,,,,,,,,,
ZFR_0191,train,generic_eukaryote,chr5,996306,996438,132,0.5848,0.6185,experimental,71.5,331,true,3,21.9,81.4,60.3,91.053,84.499,16.516,86.32,0.0,,0.0,,84.89,A_validovat,90.5,A_validovat,,,,,,,,,,,
ZFR_0103,train,generic_eukaryote,chr1,573343,573393,50,0.7143,0.6787,experimental,30.4,2246,true,2,11.8,100.0,69.508,62.117,94.457,10.279,97.64,0.0,,0.0,,84.581,A_validovat,88.3,A_validovat,,,,,,,,,,,
ZFR_0050,train,generic_eukaryote,chr2,318574,318742,168,0.8091,0.9069,cross_tool,73.5,1704,true,3,16.0,78.7,86.191,81.453,74.248,17.191,86.15,0.0,,0.0,,84.58,A_validovat,92.1,A_validovat,,,,,,,,,,,
ZFR_0241,validation,generic_eukaryote,chr1,1237886,1238143,257,0.6129,0.5767,experimental,22.2,764,true,2,9.1,100.0,59.335,67.371,94.444,8.613,98.18,0.0,,0.0,,84.404,A_validovat,83.1,A_validovat,,,,,,,,,,,
ZFR_0047,train,generic_eukaryote,chr5,302817,302881,64,0.6503,0.7854,experimental,85.5,1710,true,1,18.7,91.3,72.325,70.311,92.268,15.85,91.91,0.0,,0.0,,84.362,A_validovat,86.0,A_validovat,,,,,,,,,,,
ZFR_0289,test,generic_eukaryote,chr1,1469364,1469558,194,0.4894,0.5762,experimental,72.7,230,true,3,26.5,87.4,53.627,96.448,83.33,20.058,88.4,0.0,,0.0,,84.112,A_validovat,91.4,A_validovat,,,,,,,,,,,
ZFR_0266,test,generic_eukaryote,chr2,1358238,1358302,64,0.7885,0.7581,cross_tool,94.8,4743,true,3,18.4,80.5,77.208,75.396,85.731,17.803,86.57,0.0,,0.0,,84.079,A_validovat,89.2,A_validovat,,,,,,,,,,,
ZFR_0159,train,generic_eukaryote,chr3,843181,843453,272,0.6573,0.9037,experimental,36.1,117,true,3,32.6,87.7,79.036,87.664,79.819,25.915,87.33,0.0,,0.0,,84.031,A_validovat,87.2,A_validovat,,,,,,,,,,,
ZFR_0263,test,generic_eukaryote,chr5,1344482,1344490,8,0.6827,0.7901,experimental,53.6,1160,true,1,0.0,87.6,74.07,64.676,82.877,3.896,93.8,0.0,,0.0,,83.892,A_validovat,79.1,B_prioritne_preskumat,,,,,,,,,,,
ZFR_0201,validation,generic_eukaryote,chr3,1045361,1045719,358,0.5958,0.6563,experimental,49.0,1693,true,1,5.7,100.0,62.847,61.613,93.909,6.821,98.86,0.0,,0.0,,83.83,A_validovat,82.1,A_validovat,,,,,,,,,,,
ZFR_0001,train,generic_eukaryote,chr1,80013,80043,30,0.5878,0.6465,experimental,49.3,975,true,3,12.5,88.6,61.95,78.512,83.949,11.013,91.8,0.0,,0.0,,83.706,A_validovat,77.4,B_prioritne_preskumat,,,,,,,,,,,
ZFR_0154,train,generic_eukaryote,chr4,817692,817888,196,0.8469,0.8341,cross_tool,17.9,3869,true,3,4.6,78.6,83.999,60.152,86.118,9.018,88.38,0.0,,0.0,,83.67,A_validovat,82.9,A_validovat,,,,,,,,,,,
ZFR_0114,train,generic_eukaryote,chrX,625414,625638,224,0.9022,0.7986,cross_tool,41.8,1550,true,3,20.4,74.4,84.626,74.411,84.121,19.995,83.12,0.0,,0.0,,83.594,A_validovat,81.0,B_prioritne_preskumat,,,,,,,,,,,
ZFR_0106,train,generic_eukaryote,chr4,588466,588498,32,0.7870,0.7444,cross_tool,65.4,3167,true,3,0.0,74.2,76.4,74.132,75.463,6.554,87.1,0.0,,0.0,,83.565,A_validovat,85.0,A_validovat,,,,,,,,,,,
ZFR_0217,validation,generic_eukaryote,chr1,1123020,1123389,369,0.7079,0.6462,experimental,72.5,876,true,2,21.8,90.5,67.458,78.189,83.883,16.818,90.89,0.0,,0.0,,83.232,A_validovat,88.2,A_validovat,,,,,,,,,,,
ZFR_0015,train,generic_eukaryote,chr3,149030,149089,59,0.8089,0.7933,experimental,74.4,1534,true,1,19.9,80.5,80.048,68.294,84.897,15.041,86.27,0.0,,0.0,,83.06,A_validovat,92.3,A_validovat,,,,,,,,,,,
ZFR_0013,train,generic_eukaryote,chr1,139703,140033,330,0.7745,0.7571,cross_tool,56.3,6929,true,3,11.8,91.6,76.51,63.862,86.017,13.542,93.44,0.0,,0.0,,82.959,A_validovat,90.4,A_validovat,,,,,,,,,,,
ZFR_0237,validation,generic_eukaryote,chr3,1219693,1219851,158,0.7538,0.7840,cross_tool,32.5,1696,true,2,0.0,93.5,77.011,64.642,75.736,6.393,96.75,0.0,,0.0,,82.842,A_validovat,83.2,A_validovat,,,,,,,,,,,
ZFR_0034,train,generic_eukaryote,chr4,241249,241261,12,0.8577,0.9293,cross_tool,52.4,533,false,2,13.6,77.5,89.636,61.206,84.825,15.363,86.03,0.0,,0.0,,82.75,A_validovat,86.9,A_validovat,,,,,,,,,,,
ZFR_0290,test,generic_eukaryote,chr2,1473670,1474062,392,0.8397,0.7917,cross_tool,43.2,1330,false,3,0.0,100.0,81.378,59.555,75.344,6.624,100.0,0.0,,0.0,,82.682,A_validovat,87.4,A_validovat,,,,,,,,,,,
ZFR_0209,validation,generic_eukaryote,chr5,1084290,1084687,397,0.5108,0.4143,experimental,65.5,239,true,2,14.7,94.2,45.869,87.72,83.117,12.868,94.16,0.0,,0.0,,82.616,A_validovat,88.3,A_validovat,,,,,,,,,,,
ZFR_0145,train,generic_eukaryote,chr1,775298,775625,327,0.7051,0.7307,experimental,67.7,280,false,1,14.8,80.9,71.892,60.712,94.677,12.009,87.49,0.0,,0.0,,82.585,A_validovat,92.7,A_validovat,,,,,,,,,,,
ZFR_0138,train,generic_eukaryote,chrX,741367,741453,86,0.5862,0.5269,cross_tool,26.7,898,true,3,3.5,91.6,55.418,73.95,85.095,8.941,95.1,0.0,,0.0,,82.382,A_validovat,84.8,A_validovat,,,,,,,,,,,
ZFR_0226,validation,generic_eukaryote,chr4,1165315,1165346,31,0.8530,0.8003,cross_tool,80.8,1764,true,0,13.4,84.6,82.454,61.984,85.241,14.993,89.62,0.0,,0.0,,82.354,A_validovat,87.4,A_validovat,,,,,,,,,,,
ZFR_0090,train,generic_eukaryote,chrX,509888,510266,378,0.9313,0.9919,cross_tool,26.4,1647,true,1,26.7,96.2,96.402,56.358,85.067,23.342,92.76,0.0,,0.0,,82.225,A_validovat,89.3,A_validovat,,,,,,,,,,,
ZFR_0277,test,generic_eukaryote,chr1,1411727,1411884,157,0.7000,0.5947,cross_tool,47.5,18,true,2,14.9,67.3,64.314,83.4,84.083,16.607,80.67,0.0,,0.0,,82.212,A_validovat,88.6,A_validovat,,,,,,,,,,,
ZFR_0175,train,generic_eukaryote,chr1,920558,920767,209,0.4630,0.4056,experimental,52.1,857,true,3,1.6,86.8,43.2,80.506,83.977,4.238,93.08,0.0,,0.0,,82.16,A_validovat,86.0,A_validovat,,,,,,,,,,,
ZFR_0210,validation,generic_eukaryote,chrX,1088427,1088636,209,0.8237,0.8664,cross_tool,66.5,3263,true,1,8.1,100.0,84.676,60.043,75.461,11.577,98.38,0.0,,0.0,,82.119,A_validovat,86.7,A_validovat,,,,,,,,,,,
ZFR_0177,train,generic_eukaryote,chr3,930321,930585,264,0.4877,0.6385,experimental,57.0,481,true,3,19.6,83.8,56.913,85.893,81.922,16.612,87.98,0.0,,0.0,,81.973,B_prioritne_preskumat,90.8,A_validovat,,,,,,,,,,,
ZFR_0071,train,generic_eukaryote,chr5,419756,419801,45,0.8019,0.8742,experimental,74.8,1475,false,2,9.0,70.5,84.094,59.606,83.649,9.02,83.45,0.0,,0.0,,81.845,B_prioritne_preskumat,79.1,B_prioritne_preskumat,,,,,,,,,,,
ZFR_0167,train,generic_eukaryote,chr5,880294,880425,131,0.5216,0.6664,experimental,37.6,440,true,1,17.2,93.3,59.979,67.696,92.054,15.046,93.21,0.0,,0.0,,81.314,B_prioritne_preskumat,85.3,A_validovat,,,,,,,,,,,
ZFR_0005,train,generic_eukaryote,chr5,99589,99973,384,0.5964,0.7113,cross_tool,54.3,2124,true,2,13.4,100.0,65.845,68.301,83.872,15.802,97.32,0.0,,0.0,,81.247,B_prioritne_preskumat,77.9,B_prioritne_preskumat,,,,,,,,,,,
ZFR_0153,train,generic_eukaryote,chr3,814071,814454,383,0.5733,0.6682,experimental,52.7,20,false,1,17.5,99.9,62.455,61.648,93.152,14.584,96.45,0.0,,0.0,,81.229,B_prioritne_preskumat,84.9,A_validovat,,,,,,,,,,,
ZFR_0285,test,generic_eukaryote,chr3,1449817,1449918,101,0.9268,0.9302,cross_tool,32.0,549,true,1,25.8,82.6,92.864,65.131,76.325,22.04,86.14,0.0,,0.0,,81.018,B_prioritne_preskumat,80.8,B_prioritne_preskumat,,,,,,,,,,,
ZFR_0253,validation,generic_eukaryote,chr1,1295686,1295894,208,0.7338,0.6922,cross_tool,40.7,1484,true,2,16.9,83.6,71.134,67.389,85.485,17.019,88.42,0.0,,0.0,,80.899,B_prioritne_preskumat,81.3,B_prioritne_preskumat,,,,,,,,,,,
ZFR_0057,train,generic_eukaryote,chr3,351470,351649,179,0.7014,0.7971,experimental,49.5,3227,true,1,17.5,83.0,75.308,56.096,93.135,14.594,88.0,0.0,,0.0,,80.89,B_prioritne_preskumat,80.2,B_prioritne_preskumat,,,,,,,,,,,
ZFR_0069,train,generic_eukaryote,chr3,408903,409261,358,0.5904,0.7111,cross_tool,21.4,2142,true,2,2.2,98.7,65.558,60.339,83.745,8.933,98.91,0.0,,0.0,,80.75,B_prioritne_preskumat,74.4,B_prioritne_preskumat,,,,,,,,,,,
ZFR_0017,train,generic_eukaryote,chr5,159205,159542,337,0.7469,0.8223,experimental,69.7,2974,false,1,0.0,96.1,78.762,45.874,83.581,3.48,98.05,0.0,,0.0,,80.678,B_prioritne_preskumat,84.5,A_validovat,,,,,,,,,,,
ZFR_0122,train,generic_eukaryote,chr2,664466,664576,110,0.6862,0.6086,cross_tool,47.6,4280,true,3,11.1,94.8,64.43,65.77,84.693,13.891,95.18,0.0,,0.0,,80.617,B_prioritne_preskumat,84.2,A_validovat,,,,,,,,,,,
ZFR_0161,train,generic_eukaryote,chr5,852302,852567,265,0.5567,0.7142,experimental,47.5,2314,true,3,18.5,89.5,64.175,72.971,81.775,16.018,91.05,0.0,,0.0,,80.419,B_prioritne_preskumat,77.3,B_prioritne_preskumat,,,,,,,,,,,
ZFR_0101,train,generic_eukaryote,chr5,563705,564064,359,0.5915,0.5291,cross_tool,56.4,1428,true,2,15.9,99.3,55.78,71.363,85.027,16.669,96.47,0.0,,0.0,,80.13,B_prioritne_preskumat,80.1,B_prioritne_preskumat,,,,,,,,,,,
ZFR_0202,validation,generic_eukaryote,chr4,1049214,1049610,396,0.6223,0.7043,cross_tool,73.6,3471,false,3,6.5,96.2,66.658,58.983,84.596,11.096,96.8,0.0,,0.0,,80.054,B_prioritne_preskumat,81.0,B_prioritne_preskumat,,,,,,,,,,,
ZFR_0129,train,generic_eukaryote,chr3,699215,699224,9,0.5777,0.5593,experimental,29.5,2158,true,3,16.0,90.1,56.776,69.224,84.835,12.659,91.85,0.0,,0.0,,79.913,B_prioritne_preskumat,80.0,B_prioritne_preskumat,,,,,,,,,,,
ZFR_0117,train,generic_eukaryote,chr3,641161,641190,29,0.9142,0.9123,cross_tool,32.9,1879,false,2,0.0,75.5,91.317,48.066,76.358,6.025,87.75,0.0,,0.0,,79.865,B_prioritne_preskumat,76.7,B_prioritne_preskumat,,,,,,,,,,,
ZFR_0170,train,generic_eukaryote,chr2,894652,895036,384,0.7280,0.8126,cross_tool,71.2,3232,false,3,20.4,94.4,77.368,59.285,84.539,19.748,93.12,0.0,,0.0,,79.762,B_prioritne_preskumat,77.3,B_prioritne_preskumat,,,,,,,,,,,
ZFR_0119,train,generic_eukaryote,chr5,649361,649652,291,0.5177,0.5227,experimental,51.6,947,true,0,0.0,100.0,52.04,58.378,85.13,2.565,100.0,0.0,,0.0,,79.74,B_prioritne_preskumat,81.2,B_prioritne_preskumat,,,,,,,,,,,
ZFR_0053,train,generic_eukaryote,chr5,331773,332152,379,0.6155,0.5986,cross_tool,34.1,1001,true,2,17.1,91.1,60.637,67.58,86.028,16.822,92.13,0.0,,0.0,,79.643,B_prioritne_preskumat,73.3,B_prioritne_preskumat,,,,,,,,,,,
ZFR_0002,train,generic_eukaryote,chr2,85841,86190,349,0.5751,0.5578,cross_tool,41.6,317,true,2,17.3,98.3,56.576,77.034,76.019,16.951,95.69,0.0,,0.0,,79.544,B_prioritne_preskumat,80.7,B_prioritne_preskumat,,,,,,,,,,,
ZFR_0025,train,generic_eukaryote,chr1,195816,196194,378,0.5954,0.6245,experimental,53.9,1210,true,2,30.1,98.0,61.111,71.564,84.6,21.54,92.98,0.0,,0.0,,79.543,B_prioritne_preskumat,80.9,B_prioritne_preskumat,,,,,,,,,,,
ZFR_0033,train,generic_eukaryote,chr3,234409,234761,352,0.8451,0.8882,experimental,56.5,1336,false,1,21.7,94.4,86.837,48.725,84.292,16.514,92.86,0.0,,0.0,,79.511,B_prioritne_preskumat,83.3,A_validovat,,,,,,,,,,,
ZFR_0007,train,generic_eukaryote,chr1,111197,111221,24,0.6682,0.8992,experimental,71.5,4083,true,2,19.0,78.2,79.294,65.23,80.158,17.283,85.3,0.0,,0.0,,79.472,B_prioritne_preskumat,92.4,A_validovat,,,,,,,,,,,
ZFR_0165,train,generic_eukaryote,chr3,871907,872001,94,0.9246,0.9509,cross_tool,77.8,4263,false,0,0.0,75.8,93.88,36.08,85.821,6.342,87.9,0.0,,0.0,,79.303,B_prioritne_preskumat,80.9,B_prioritne_preskumat,,,,,,,,,,,
ZFR_0205,validation,generic_eukaryote,chr1,1064746,1065118,372,0.7608,0.6890,cross_tool,37.7,1047,true,1,17.5,86.6,72.203,61.275,84.82,17.783,89.8,0.0,,0.0,,79.199,B_prioritne_preskumat,78.7,B_prioritne_preskumat,,,,,,,,,,,
ZFR_0213,validation,generic_eukaryote,chr3,1101694,1101901,207,0.8386,0.8900,cross_tool,92.4,1851,true,1,32.1,74.9,86.636,71.449,75.269,26.57,81.03,0.0,,0.0,,79.145,B_prioritne_preskumat,79.9,B_prioritne_preskumat,,,,,,,,,,,
ZFR_0257,test,generic_eukaryote,chr5,1315417,1315568,151,0.4902,0.4800,experimental,82.9,999,false,3,18.7,71.1,48.469,70.307,95.016,14.227,81.81,0.0,,0.0,,78.995,B_prioritne_preskumat,77.6,B_prioritne_preskumat,,,,,,,,,,,
ZFR_0137,train,generic_eukaryote,chr5,736749,736942,193,0.4678,0.4725,experimental,49.6,1933,true,3,26.4,73.9,47.034,74.875,95.137,18.929,81.67,0.0,,0.0,,78.949,B_prioritne_preskumat,79.8,B_prioritne_preskumat,,,,,,,,,,,
ZFR_0255,validation,generic_eukaryote,chr3,1304423,1304531,108,0.5980,0.5942,experimental,54.4,1413,true,2,17.2,66.1,59.595,70.938,85.156,13.213,79.61,0.0,,0.0,,78.826,B_prioritne_preskumat,78.0,B_prioritne_preskumat,,,,,,,,,,,
ZFR_0233,validation,generic_eukaryote,chr5,1198031,1198210,179,0.8520,1.0000,experimental,44.7,3657,false,2,29.8,86.2,93.192,44.364,91.984,22.9,87.14,0.0,,0.0,,78.777,B_prioritne_preskumat,83.5,A_validovat,,,,,,,,,,,
ZFR_0258,test,generic_eukaryote,chrX,1319064,1319160,96,0.5623,0.6177,cross_tool,39.2,139,true,1,12.3,86.6,59.222,74.408,75.181,14.346,90.84,0.0,,0.0,,78.753,B_prioritne_preskumat,85.3,A_validovat,,,,,,,,,,,
ZFR_0046,train,generic_eukaryote,chr4,297267,297605,338,0.6722,0.9077,model_only,22.9,1684,true,3,2.5,100.0,79.937,69.382,60.139,15.361,99.5,0.0,,0.0,,78.569,B_prioritne_preskumat,74.2,B_prioritne_preskumat,,,,,,,,,,,
ZFR_0183,train,generic_eukaryote,chr3,958664,958802,138,0.4647,0.4395,experimental,47.0,458,true,1,9.5,87.4,45.109,69.75,84.686,8.718,91.8,0.0,,0.0,,78.471,B_prioritne_preskumat,79.8,B_prioritne_preskumat,,,,,,,,,,,
ZFR_0279,test,generic_eukaryote,chr3,1420321,1420576,255,0.4239,0.3231,experimental,61.5,2730,true,2,6.6,86.9,36.947,67.802,93.022,7.902,92.13,0.0,,0.0,,78.373,B_prioritne_preskumat,83.6,A_validovat,,,,,,,,,,,
ZFR_0199,validation,generic_eukaryote,chr1,1035713,1035995,282,0.6853,0.7815,experimental,38.6,498,false,0,11.2,82.5,73.725,44.286,93.124,10.695,89.01,0.0,,0.0,,78.278,B_prioritne_preskumat,84.5,A_validovat,,,,,,,,,,,
ZFR_0298,test,generic_eukaryote,chr4,1513677,1513712,35,0.7409,0.7611,cross_tool,52.2,204,false,1,26.4,77.7,75.181,61.528,85.956,22.631,83.57,0.0,,0.0,,78.127,B_prioritne_preskumat,86.4,A_validovat,,,,,,,,,,,
ZFR_0077,train,generic_eukaryote,chr5,447555,447780,225,0.7499,0.7911,cross_tool,100.0,425,false,1,33.6,71.6,77.215,66.84,85.494,27.368,79.08,0.0,,0.0,,77.991,B_prioritne_preskumat,74.5,B_prioritne_preskumat,,,,,,,,,,,
ZFR_0111,train,generic_eukaryote,chr3,612250,612558,308,0.4460,0.5022,experimental,70.6,904,false,2,18.2,93.2,47.635,61.419,94.004,14.515,92.96,0.0,,0.0,,77.796,B_prioritne_preskumat,75.9,B_prioritne_preskumat,,,,,,,,,,,
ZFR_0130,train,generic_eukaryote,chr4,702397,702706,309,0.8688,0.8752,cross_tool,23.6,3081,true,2,39.9,81.8,87.226,57.416,86.259,30.821,82.92,0.0,,0.0,,77.593,B_prioritne_preskumat,75.9,B_prioritne_preskumat,,,,,,,,,,,
ZFR_0186,train,generic_eukaryote,chrX,972445,972740,295,0.7050,0.7139,cross_tool,44.4,3060,true,2,16.9,86.5,70.981,62.485,76.204,16.594,89.87,0.0,,0.0,,77.531,B_prioritne_preskumat,79.6,B_prioritne_preskumat,,,,,,,,,,,
ZFR_0061,train,generic_eukaryote,chr1,371211,371284,73,0.6371,0.5010,cross_tool,56.3,1359,false,3,2.3,77.2,56.361,62.593,83.406,9.195,88.14,0.0,,0.0,,77.361,B_prioritne_preskumat,81.7,B_prioritne_preskumat,,,,,,,,,,,
ZFR_0309,test,generic_eukaryote,chr3,1565628,1565941,313,0.5527,0.4979,cross_tool,58.7,2813,true,3,32.4,100.0,52.311,73.825,85.194,26.8,93.52,0.0,,0.0,,77.307,B_prioritne_preskumat,85.2,A_validovat,,,,,,,,,,,
ZFR_0271,test,generic_eukaryote,chr1,1383212,1383295,83,0.5391,0.4040,experimental,58.3,192,false,2,0.0,62.8,46.615,69.992,82.268,4.256,81.4,0.0,,0.0,,77.095,B_prioritne_preskumat,80.5,B_prioritne_preskumat,,,,,,,,,,,
ZFR_0081,train,generic_eukaryote,chr3,466023,466139,116,0.4269,0.4076,experimental,26.3,2337,true,2,1.7,88.5,41.648,60.799,84.815,3.805,93.91,0.0,,0.0,,76.761,B_prioritne_preskumat,72.9,B_prioritne_preskumat,,,,,,,,,,,
ZFR_0194,validation,generic_eukaryote,chr2,1010468,1010846,378,0.7150,0.7711,cross_tool,65.1,663,false,1,30.0,92.2,74.529,55.798,85.166,25.329,90.1,0.0,,0.0,,76.581,B_prioritne_preskumat,76.2,B_prioritne_preskumat,,,,,,,,,,,
ZFR_0317,test,generic_eukaryote,chr5,1605061,1605426,365,0.6172,0.5626,cross_tool,24.8,2994,true,2,13.2,87.3,58.772,58.024,85.199,14.894,91.01,0.0,,0.0,,76.46,B_prioritne_preskumat,85.6,A_validovat,,,,,,,,,,,
ZFR_0031,train,generic_eukaryote,chr1,225744,225852,108,0.4792,0.4359,experimental,35.2,939,true,1,5.9,84.3,45.582,61.531,84.287,6.721,90.97,0.0,,0.0,,76.385,B_prioritne_preskumat,80.7,B_prioritne_preskumat,,,,,,,,,,,
ZFR_0085,train,generic_eukaryote,chr1,486696,487029,333,0.7896,0.8521,cross_tool,24.9,813,false,1,19.6,86.6,82.335,44.47,85.025,18.965,89.38,0.0,,0.0,,76.306,B_prioritne_preskumat,76.1,B_prioritne_preskumat,,,,,,,,,,,
ZFR_0295,test,generic_eukaryote,chr1,1499222,1499297,75,0.4442,0.4077,experimental,66.8,1274,false,2,0.0,84.9,42.449,58.425,84.437,2.975,92.45,0.0,,0.0,,76.039,B_prioritne_preskumat,72.2,B_prioritne_preskumat,,,,,,,,,,,
ZFR_0116,train,generic_eukaryote,chr2,636293,636675,382,0.8136,0.8783,model_only,35.2,1453,true,2,26.0,93.5,84.854,66.183,63.897,27.711,91.55,0.0,,0.0,,75.89,B_prioritne_preskumat,78.5,B_prioritne_preskumat,,,,,,,,,,,
ZFR_0049,train,generic_eukaryote,chr1,313056,313192,136,0.6147,0.5853,experimental,68.3,1670,false,1,23.0,83.1,59.882,50.33,94.593,17.142,86.95,0.0,,0.0,,75.765,B_prioritne_preskumat,76.4,B_prioritne_preskumat,,,,,,,,,,,
ZFR_0297,test,generic_eukaryote,chr3,1507953,1508176,223,0.7959,0.8296,experimental,46.9,1742,false,2,37.4,83.8,81.41,51.929,84.499,26.126,84.42,0.0,,0.0,,75.638,B_prioritne_preskumat,76.4,B_prioritne_preskumat,,,,,,,,,,,
ZFR_0281,test,generic_eukaryote,chr5,1430732,1430812,80,0.7463,0.6362,experimental,58.0,1272,false,1,16.8,61.4,68.685,49.32,92.818,14.347,77.34,0.0,,0.0,,75.574,B_prioritne_preskumat,83.9,A_validovat,,,,,,,,,,,
ZFR_0149,train,generic_eukaryote,chr5,794878,795231,353,0.5839,0.6097,cross_tool,23.3,4266,true,2,5.2,100.0,59.783,52.989,75.832,9.559,98.96,0.0,,0.0,,75.56,B_prioritne_preskumat,75.8,B_prioritne_preskumat,,,,,,,,,,,
ZFR_0042,train,generic_eukaryote,chrX,278426,278754,328,0.5935,0.6009,cross_tool,69.8,407,false,1,27.1,90.2,59.75,59.794,86.237,22.898,89.68,0.0,,0.0,,75.482,B_prioritne_preskumat,81.5,B_prioritne_preskumat,,,,,,,,,,,
ZFR_0190,train,generic_eukaryote,chr4,992339,992739,400,0.7893,0.7218,model_only,47.5,5630,true,2,2.8,98.6,75.285,55.659,63.835,13.364,98.74,0.0,,0.0,,75.464,B_prioritne_preskumat,71.4,B_prioritne_preskumat,,,,,,,,,,,
ZFR_0093,train,generic_eukaryote,chr3,524032,524426,394,0.6482,0.6507,cross_tool,32.2,2639,true,3,39.7,75.5,64.955,68.105,86.345,30.646,79.81,0.0,,0.0,,75.425,B_prioritne_preskumat,76.9,B_prioritne_preskumat,,,,,,,,,,,
ZFR_0261,test,generic_eukaryote,chr3,1333846,1334000,154,0.5677,0.6451,cross_tool,64.1,3347,true,3,23.7,75.0,60.95,73.159,74.697,21.7,82.76,0.0,,0.0,,75.421,B_prioritne_preskumat,80.0,B_prioritne_preskumat,,,,,,,,,,,
ZFR_0039,train,generic_eukaryote,chr3,264760,265080,320,0.6558,0.7282,experimental,43.5,2983,false,0,0.0,100.0,69.49,32.552,83.647,3.441,100.0,0.0,,0.0,,75.298,B_prioritne_preskumat,72.3,B_prioritne_preskumat,,,,,,,,,,,
ZFR_0162,train,generic_eukaryote,chrX,857939,858184,245,0.8179,0.8293,cross_tool,41.9,3912,true,2,30.7,73.4,82.406,58.754,76.149,25.182,80.56,0.0,,0.0,,75.231,B_prioritne_preskumat,80.0,B_prioritne_preskumat,,,,,,,,,,,
ZFR_0223,validation,generic_eukaryote,chr1,1151047,1151242,195,0.5552,0.6166,experimental,49.9,942,false,0,13.7,90.3,58.836,42.026,93.889,11.792,92.41,0.0,,0.0,,75.121,B_prioritne_preskumat,79.3,B_prioritne_preskumat,,,,,,,,,,,
ZFR_0026,train,generic_eukaryote,chr2,201660,201713,53,0.5843,0.4888,cross_tool,52.3,2341,true,3,34.2,79.5,53.273,74.024,84.299,28.446,82.91,0.0,,0.0,,74.95,B_prioritne_preskumat,73.2,B_prioritne_preskumat,,,,,,,,,,,
ZFR_0054,train,generic_eukaryote,chrX,336809,336861,52,0.7219,0.8966,model_only,66.0,4538,true,3,7.7,85.5,81.624,69.238,51.477,17.795,91.21,0.0,,0.0,,74.791,B_prioritne_preskumat,72.0,B_prioritne_preskumat,,,,,,,,,,,
ZFR_0306,test,generic_eukaryote,chrX,1550804,1550904,100,0.7917,0.7186,cross_tool,65.8,1999,true,2,43.4,77.7,75.223,71.521,74.792,33.858,80.17,0.0,,0.0,,74.736,B_prioritne_preskumat,79.4,B_prioritne_preskumat,,,,,,,,,,,
ZFR_0234,validation,generic_eukaryote,chrX,1204806,1204852,46,0.5748,0.4934,cross_tool,61.2,2196,true,1,23.4,86.1,53.084,62.693,84.609,21.566,88.37,0.0,,0.0,,74.346,B_prioritne_preskumat,80.9,B_prioritne_preskumat,,,,,,,,,,,
ZFR_0270,test,generic_eukaryote,chrX,1378103,1378273,170,0.4893,0.6453,model_only,57.6,2047,true,2,0.0,89.4,57.354,69.376,61.888,12.778,94.7,0.0,,0.0,,74.214,B_prioritne_preskumat,69.9,B_prioritne_preskumat,,,,,,,,,,,
ZFR_0218,validation,generic_eukaryote,chr2,1126616,1126749,133,0.6108,0.6243,cross_tool,29.0,3496,false,2,5.4,87.1,61.809,41.187,86.103,9.524,92.47,0.0,,0.0,,74.176,B_prioritne_preskumat,77.9,B_prioritne_preskumat,,,,,,,,,,,
ZFR_0193,validation,generic_eukaryote,chr1,1005375,1005747,372,0.7492,0.8314,experimental,22.0,1666,false,0,11.2,86.8,79.359,32.232,83.432,10.513,91.16,0.0,,0.0,,73.98,B_prioritne_preskumat,83.1,A_validovat,,,,,,,,,,,
ZFR_0293,test,generic_eukaryote,chr5,1488299,1488637,338,0.7573,0.7444,cross_tool,69.5,1514,false,0,10.7,82.6,75.033,44.191,76.116,12.802,89.16,0.0,,0.0,,73.928,B_prioritne_preskumat,80.9,B_prioritne_preskumat,,,,,,,,,,,
ZFR_0178,train,generic_eukaryote,chr4,934068,934344,276,0.6292,0.7266,cross_tool,54.3,4467,false,2,16.5,90.4,68.18,43.691,84.257,17.496,91.9,0.0,,0.0,,73.543,B_prioritne_preskumat,76.1,B_prioritne_preskumat,,,,,,,,,,,
ZFR_0100,train,generic_eukaryote,chr4,557323,557604,281,0.7679,1.0000,model_only,49.7,1587,false,1,0.0,89.1,89.323,46.171,60.214,13.767,94.55,0.0,,0.0,,73.461,B_prioritne_preskumat,81.6,B_prioritne_preskumat,,,,,,,,,,,
ZFR_0058,train,generic_eukaryote,chr4,356687,356833,146,0.7046,0.7736,cross_tool,34.5,2511,true,2,31.5,70.9,74.186,62.127,74.882,26.427,79.15,0.0,,0.0,,73.415,B_prioritne_preskumat,71.5,B_prioritne_preskumat,,,,,,,,,,,
ZFR_0125,train,generic_eukaryote,chr5,679796,680029,233,0.8933,0.8440,cross_tool,5.9,3369,false,2,11.4,80.3,86.668,36.11,75.315,13.709,87.87,0.0,,0.0,,73.306,B_prioritne_preskumat,73.0,B_prioritne_preskumat,,,,,,,,,,,
ZFR_0173,train,generic_eukaryote,chr5,910788,910987,199,0.5859,0.6749,cross_tool,56.5,2308,false,3,21.9,86.7,63.396,59.153,74.442,20.735,88.97,0.0,,0.0,,73.152,B_prioritne_preskumat,70.8,B_prioritne_preskumat,,,,,,,,,,,
ZFR_0126,train,generic_eukaryote,chrX,682751,682996,245,0.6531,0.7046,model_only,72.2,1852,true,2,29.7,82.6,68.091,73.597,64.187,29.833,85.36,0.0,,0.0,,72.951,B_prioritne_preskumat,71.2,B_prioritne_preskumat,,,,,,,,,,,
ZFR_0079,train,generic_eukaryote,chr1,458363,458413,50,0.4278,0.3210,experimental,47.6,726,false,1,14.2,94.4,37.013,50.893,92.89,12.692,94.36,0.0,,0.0,,72.816,B_prioritne_preskumat,73.8,B_prioritne_preskumat,,,,,,,,,,,
ZFR_0238,validation,generic_eukaryote,chr4,1222215,1222504,289,0.6928,0.7342,model_only,15.8,3210,true,3,17.7,83.2,71.516,62.07,64.409,22.262,88.06,0.0,,0.0,,72.738,B_prioritne_preskumat,75.8,B_prioritne_preskumat,,,,,,,,,,,
ZFR_0092,train,generic_eukaryote,chr2,520543,520620,77,0.7402,1.0000,model_only,45.0,403,true,1,21.8,83.4,88.049,69.886,49.604,27.643,87.34,0.0,,0.0,,72.611,B_prioritne_preskumat,78.0,B_prioritne_preskumat,,,,,,,,,,,
ZFR_0157,train,generic_eukaryote,chr1,833798,833864,66,0.8403,0.8711,cross_tool,30.2,6827,false,1,9.0,89.0,85.693,27.669,75.722,11.98,92.7,0.0,,0.0,,72.114,B_prioritne_preskumat,69.8,B_prioritne_preskumat,,,,,,,,,,,
ZFR_0066,train,generic_eukaryote,chrX,394337,394606,269,0.6288,0.6563,cross_tool,2.4,1509,false,2,23.1,90.4,64.365,42.105,85.795,20.68,90.58,0.0,,0.0,,71.925,B_prioritne_preskumat,76.5,B_prioritne_preskumat,,,,,,,,,,,
ZFR_0242,validation,generic_eukaryote,chr2,1242136,1242427,291,0.6889,0.5050,cross_tool,24.8,1627,false,2,17.0,93.1,58.959,47.048,82.354,18.931,93.15,0.0,,0.0,,71.704,B_prioritne_preskumat,77.7,B_prioritne_preskumat,,,,,,,,,,,
ZFR_0313,test,generic_eukaryote,chr1,1584772,1585140,368,0.4261,0.5873,experimental,84.8,1338,false,1,16.8,74.6,51.315,55.51,81.694,15.012,83.94,0.0,,0.0,,71.681,B_prioritne_preskumat,72.1,B_prioritne_preskumat,,,,,,,,,,,
ZFR_0221,validation,generic_eukaryote,chr5,1141519,1141636,117,0.7041,0.6266,cross_tool,58.6,3333,true,1,35.1,63.2,66.225,57.89,84.695,28.77,74.58,0.0,,0.0,,71.648,B_prioritne_preskumat,77.6,B_prioritne_preskumat,,,,,,,,,,,
ZFR_0267,test,generic_eukaryote,chr3,1363500,1363861,361,0.8821,0.9850,predicted_motif,14.6,19923,true,3,15.4,96.9,93.767,44.758,57.816,25.886,95.37,0.0,,0.0,,71.088,B_prioritne_preskumat,72.3,B_prioritne_preskumat,,,,,,,,,,,
ZFR_0189,train,generic_eukaryote,chr3,987904,988079,175,0.8693,0.7976,cross_tool,37.9,2200,false,1,22.2,70.9,83.058,41.086,74.823,20.696,81.01,0.0,,0.0,,70.944,B_prioritne_preskumat,69.4,B_prioritne_preskumat,,,,,,,,,,,
ZFR_0006,train,generic_eukaryote,chrX,106159,106368,209,0.8043,0.9065,model_only,41.0,2719,false,1,0.0,100.0,85.949,39.923,53.072,12.079,100.0,0.0,,0.0,,70.876,B_prioritne_preskumat,63.7,C_manualna_kuracia,,,,,,,,,,,
ZFR_0045,train,generic_eukaryote,chr3,293556,293567,11,0.6965,0.6616,cross_tool,60.7,2743,false,2,43.8,79.6,67.765,51.562,85.632,33.61,81.04,0.0,,0.0,,70.564,B_prioritne_preskumat,69.4,B_prioritne_preskumat,,,,,,,,,,,
ZFR_0166,train,generic_eukaryote,chr4,876217,876319,102,0.6622,0.9428,model_only,50.1,2660,false,2,12.6,94.7,81.372,49.323,59.147,22.21,94.83,0.0,,0.0,,70.361,B_prioritne_preskumat,66.6,B_prioritne_preskumat,,,,,,,,,,,
ZFR_0021,train,generic_eukaryote,chr3,178709,178770,61,0.5919,0.7071,cross_tool,70.4,2030,false,3,33.4,63.0,65.411,63.511,73.866,28.206,74.82,0.0,,0.0,,70.339,B_prioritne_preskumat,71.7,B_prioritne_preskumat,,,,,,,,,,,
ZFR_0245,validation,generic_eukaryote,chr5,1257024,1257160,136,0.5507,0.6079,cross_tool,62.1,639,false,2,45.5,68.0,58.159,62.347,85.142,34.954,74.9,0.0,,0.0,,70.022,B_prioritne_preskumat,74.1,B_prioritne_preskumat,,,,,,,,,,,
ZFR_0068,train,generic_eukaryote,chr2,403836,404009,173,0.5597,0.5318,model_only,42.7,495,true,2,33.7,80.3,54.463,75.304,64.706,32.007,83.41,0.0,,0.0,,69.936,B_prioritne_preskumat,75.2,B_prioritne_preskumat,,,,,,,,,,,
ZFR_0248,validation,generic_eukaryote,chr2,1270719,1271084,365,0.9253,0.7358,predicted_motif,61.4,5334,true,3,36.9,97.2,82.297,66.202,55.911,40.342,91.22,0.0,,0.0,,69.9,B_prioritne_preskumat,75.9,B_prioritne_preskumat,,,,,,,,,,,
ZFR_0023,train,generic_eukaryote,chr5,188231,188617,386,0.5722,0.6006,experimental,26.9,2830,false,0,10.8,90.3,58.754,29.131,84.615,9.565,92.99,0.0,,0.0,,69.794,B_prioritne_preskumat,73.4,B_prioritne_preskumat,,,,,,,,,,,
ZFR_0282,test,generic_eukaryote,chrX,1435372,1435471,99,0.9036,0.7893,cross_tool,31.2,1709,false,1,40.2,62.3,84.188,41.282,83.885,32.41,73.11,0.0,,0.0,,69.328,B_prioritne_preskumat,70.3,B_prioritne_preskumat,,,,,,,,,,,
ZFR_0250,validation,generic_eukaryote,chr4,1280881,1281205,324,0.6013,0.5680,cross_tool,27.0,4177,true,1,25.8,93.6,58.332,47.205,75.667,22.429,91.64,0.0,,0.0,,69.261,B_prioritne_preskumat,80.0,B_prioritne_preskumat,,,,,,,,,,,
ZFR_0232,validation,generic_eukaryote,chr4,1195433,1195522,89,0.8933,0.7149,predicted_motif,38.7,4731,true,3,26.2,82.7,79.696,61.977,56.155,33.563,86.11,0.0,,0.0,,68.955,B_prioritne_preskumat,69.8,B_prioritne_preskumat,,,,,,,,,,,
ZFR_0148,train,generic_eukaryote,chr4,790424,790640,216,0.5865,0.6260,model_only,35.9,3507,false,3,10.9,89.9,60.783,49.803,64.451,18.021,92.77,0.0,,0.0,,68.823,B_prioritne_preskumat,69.7,B_prioritne_preskumat,,,,,,,,,,,
ZFR_0102,train,generic_eukaryote,chrX,569098,569434,336,0.8087,0.8369,model_only,25.0,5671,true,3,49.1,89.6,82.393,57.23,64.7,41.559,84.98,0.0,,0.0,,68.729,B_prioritne_preskumat,69.3,B_prioritne_preskumat,,,,,,,,,,,
ZFR_0196,validation,generic_eukaryote,chr4,1020523,1020548,25,0.6478,0.8574,model_only,100.0,8460,true,2,36.5,73.8,76.098,66.278,60.709,36.105,79.6,0.0,,0.0,,68.727,B_prioritne_preskumat,73.1,B_prioritne_preskumat,,,,,,,,,,,
ZFR_0197,validation,generic_eukaryote,chr5,1024949,1025105,156,0.6034,0.5062,cross_tool,33.8,1059,false,2,25.5,84.7,55.091,51.295,74.262,23.074,87.25,0.0,,0.0,,68.263,B_prioritne_preskumat,77.1,B_prioritne_preskumat,,,,,,,,,,,
ZFR_0254,validation,generic_eukaryote,chr2,1300763,1301018,255,0.7217,0.7331,model_only,36.1,3795,true,2,32.4,68.6,72.786,57.792,65.069,30.986,77.82,0.0,,0.0,,68.215,B_prioritne_preskumat,71.8,B_prioritne_preskumat,,,,,,,,,,,
ZFR_0133,train,generic_eukaryote,chr1,718531,718658,127,0.5706,0.4373,cross_tool,32.6,2459,true,1,34.3,78.1,49.862,54.862,83.467,28.999,82.19,0.0,,0.0,,68.176,B_prioritne_preskumat,77.0,B_prioritne_preskumat,,,,,,,,,,,
ZFR_0108,train,generic_eukaryote,chrX,598072,598360,288,0.7191,0.7217,model_only,57.9,367,false,1,25.1,84.0,72.05,57.386,55.263,26.346,86.98,0.0,,0.0,,68.139,B_prioritne_preskumat,65.9,B_prioritne_preskumat,,,,,,,,,,,
ZFR_0016,train,generic_eukaryote,chr4,154491,154629,138,0.9303,0.8314,predicted_motif,29.5,3347,false,1,22.1,93.4,87.689,34.855,67.904,29.988,92.28,0.0,,0.0,,68.085,B_prioritne_preskumat,63.4,C_manualna_kuracia,,,,,,,,,,,
ZFR_0082,train,generic_eukaryote,chr4,471050,471069,19,0.8654,0.9043,cross_tool,69.5,4450,false,2,48.8,52.6,88.641,47.401,75.544,36.762,66.54,0.0,,0.0,,67.901,B_prioritne_preskumat,68.5,B_prioritne_preskumat,,,,,,,,,,,
ZFR_0222,validation,generic_eukaryote,chrX,1146695,1146823,128,0.7069,0.8918,model_only,8.3,4073,true,2,26.5,76.2,80.675,50.099,61.252,29.584,82.8,0.0,,0.0,,67.419,B_prioritne_preskumat,69.4,B_prioritne_preskumat,,,,,,,,,,,
ZFR_0141,train,generic_eukaryote,chr3,756829,757021,192,0.5511,0.4823,cross_tool,17.2,2596,true,1,24.1,75.2,51.395,50.663,74.886,21.836,82.78,0.0,,0.0,,67.05,B_prioritne_preskumat,73.5,B_prioritne_preskumat,,,,,,,,,,,
ZFR_0078,train,generic_eukaryote,chrX,451331,451361,30,0.6615,0.8691,model_only,81.3,5648,true,1,25.7,86.8,77.36,56.758,50.753,29.383,88.26,0.0,,0.0,,66.849,B_prioritne_preskumat,69.6,B_prioritne_preskumat,,,,,,,,,,,
ZFR_0110,train,generic_eukaryote,chr2,605704,606081,377,0.7747,0.8526,model_only,16.9,4105,false,0,0.0,89.6,81.677,22.045,63.606,11.763,94.8,0.0,,0.0,,66.818,B_prioritne_preskumat,66.8,B_prioritne_preskumat,,,,,,,,,,,
ZFR_0230,validation,generic_eukaryote,chr2,1184240,1184426,186,0.4712,0.7243,model_only,29.4,2246,true,1,6.6,98.8,60.787,54.877,49.752,18.132,98.08,0.0,,0.0,,66.748,B_prioritne_preskumat,60.8,C_manualna_kuracia,,,,,,,,,,,
ZFR_0171,train,generic_eukaryote,chr3,900983,901031,48,0.6663,0.6459,predicted_motif,35.7,6085,false,2,4.0,78.5,65.528,36.508,69.631,17.745,88.45,0.0,,0.0,,66.732,B_prioritne_preskumat,56.0,C_manualna_kuracia,,,,,,,,,,,
ZFR_0060,train,generic_eukaryote,chrX,366589,366929,340,0.7209,0.7938,model_only,38.6,8569,false,2,19.8,95.5,76.027,35.466,63.716,23.974,93.79,0.0,,0.0,,66.478,B_prioritne_preskumat,64.0,C_manualna_kuracia,,,,,,,,,,,
ZFR_0269,test,generic_eukaryote,chr5,1371886,1371961,75,0.5782,0.7161,cross_tool,39.2,1836,false,2,38.7,76.9,65.267,49.736,73.366,31.787,80.71,0.0,,0.0,,66.413,B_prioritne_preskumat,62.7,C_manualna_kuracia,,,,,,,,,,,
ZFR_0091,train,generic_eukaryote,chr1,515794,515916,122,0.9270,0.7606,predicted_motif,34.9,512,true,1,48.1,73.7,83.714,66.242,56.419,46.985,77.23,0.0,,0.0,,66.372,B_prioritne_preskumat,56.2,C_manualna_kuracia,,,,,,,,,,,
ZFR_0044,train,generic_eukaryote,chr2,288953,289256,303,0.5687,0.4711,model_only,51.8,4968,false,2,2.1,100.0,51.6,41.25,63.173,13.321,99.58,0.0,,0.0,,66.268,B_prioritne_preskumat,65.7,B_prioritne_preskumat,,,,,,,,,,,
ZFR_0038,train,generic_eukaryote,chr2,259972,260006,34,0.4236,0.6094,model_only,19.1,1080,true,2,8.1,77.9,52.393,63.69,51.232,18.187,87.33,0.0,,0.0,,66.158,B_prioritne_preskumat,68.1,B_prioritne_preskumat,,,,,,,,,,,
ZFR_0055,train,generic_eukaryote,chr1,341792,342039,247,0.4686,0.6075,experimental,87.5,3853,false,1,38.1,70.2,54.361,46.915,82.184,27.928,77.48,0.0,,0.0,,65.926,B_prioritne_preskumat,71.0,B_prioritne_preskumat,,,,,,,,,,,
ZFR_0302,test,generic_eukaryote,chr2,1531808,1531847,39,0.4918,0.6512,model_only,58.6,4212,true,2,32.3,82.8,57.788,61.66,61.813,32.848,84.94,0.0,,0.0,,65.693,B_prioritne_preskumat,66.5,B_prioritne_preskumat,,,,,,,,,,,
ZFR_0028,train,generic_eukaryote,chr4,210667,210934,267,0.6039,0.6203,model_only,37.8,3275,true,2,28.6,80.4,61.276,60.111,54.959,28.695,84.48,0.0,,0.0,,65.524,B_prioritne_preskumat,54.6,C_manualna_kuracia,,,,,,,,,,,
ZFR_0022,train,generic_eukaryote,chr4,182497,182577,80,0.7082,0.6246,model_only,43.6,1926,false,2,31.4,84.4,66.306,50.461,63.481,31.305,85.92,0.0,,0.0,,65.484,B_prioritne_preskumat,58.9,C_manualna_kuracia,,,,,,,,,,,
ZFR_0168,train,generic_eukaryote,chrX,885459,885651,192,0.9196,0.8054,predicted_motif,50.9,3558,true,1,46.0,82.8,85.793,55.215,57.568,45.005,82.2,0.0,,0.0,,65.466,B_prioritne_preskumat,61.3,C_manualna_kuracia,,,,,,,,,,,
ZFR_0075,train,generic_eukaryote,chr3,436886,436935,49,0.8304,0.7975,predicted_motif,37.7,3718,true,3,53.9,65.5,81.263,65.459,59.356,48.846,71.97,0.0,,0.0,,65.425,B_prioritne_preskumat,63.3,C_manualna_kuracia,,,,,,,,,,,
ZFR_0072,train,generic_eukaryote,chrX,422447,422547,100,0.7101,0.5649,predicted_motif,10.8,9588,true,3,12.8,85.6,63.169,51.08,56.886,24.824,90.24,0.0,,0.0,,65.388,B_prioritne_preskumat,60.1,C_manualna_kuracia,,,,,,,,,,,
ZFR_0301,test,generic_eukaryote,chr1,1527607,1527676,69,0.6750,0.5973,cross_tool,40.4,7442,false,1,29.7,75.2,63.304,29.687,84.691,25.424,81.66,0.0,,0.0,,65.068,B_prioritne_preskumat,73.9,B_prioritne_preskumat,,,,,,,,,,,
ZFR_0163,train,generic_eukaryote,chr1,861671,861942,271,0.8843,0.7985,predicted_motif,34.1,16135,true,3,51.4,68.8,83.797,52.09,68.192,47.983,74.12,0.0,,0.0,,64.92,C_manualna_kuracia,54.5,C_manualna_kuracia,,,,,,,,,,,
ZFR_0195,validation,generic_eukaryote,chr3,1017265,1017548,283,0.8010,0.6455,predicted_motif,29.5,1169,true,3,65.1,66.8,71.703,72.859,66.659,57.383,70.38,0.0,,0.0,,64.803,C_manualna_kuracia,54.3,C_manualna_kuracia,,,,,,,,,,,
ZFR_0315,test,generic_eukaryote,chr3,1595409,1595520,111,0.8210,0.5192,predicted_motif,34.0,8562,true,3,18.6,79.6,65.803,57.367,53.44,30.455,86.08,0.0,,0.0,,64.322,C_manualna_kuracia,61.3,C_manualna_kuracia,,,,,,,,,,,
ZFR_0172,train,generic_eukaryote,chr4,904655,904855,200,0.6579,0.8869,model_only,55.0,2450,false,0,5.4,76.0,78.156,37.271,50.282,17.075,86.92,0.0,,0.0,,63.899,C_manualna_kuracia,65.4,B_prioritne_preskumat,,,,,,,,,,,
ZFR_0188,train,generic_eukaryote,chr2,981475,981692,217,0.5146,0.8287,model_only,47.1,9170,false,3,20.6,88.9,68.421,44.085,58.41,27.605,90.33,0.0,,0.0,,63.762,C_manualna_kuracia,68.8,B_prioritne_preskumat,,,,,,,,,,,
ZFR_0112,train,generic_eukaryote,chr4,616215,616531,316,0.7930,0.5839,predicted_motif,31.9,2476,true,2,40.9,86.8,68.009,61.632,55.48,43.076,85.22,0.0,,0.0,,63.715,C_manualna_kuracia,62.8,C_manualna_kuracia,,,,,,,,,,,
ZFR_0307,test,generic_eukaryote,chr1,1555957,1556267,310,0.8451,0.5569,predicted_motif,37.7,7207,true,3,37.0,93.3,68.947,59.203,53.74,41.687,89.25,0.0,,0.0,,63.574,C_manualna_kuracia,62.0,C_manualna_kuracia,,,,,,,,,,,
ZFR_0268,test,generic_eukaryote,chr4,1367631,1367755,124,0.4567,0.3321,model_only,38.2,3282,true,2,10.3,88.0,38.942,60.182,52.579,18.756,91.94,0.0,,0.0,,63.563,C_manualna_kuracia,52.7,C_manualna_kuracia,,,,,,,,,,,
ZFR_0074,train,generic_eukaryote,chr2,431979,432006,27,0.5675,0.6367,cross_tool,24.2,4376,false,0,27.0,80.3,60.487,22.801,84.878,23.64,84.75,0.0,,0.0,,63.554,C_manualna_kuracia,65.4,B_prioritne_preskumat,,,,,,,,,,,
ZFR_0032,train,generic_eukaryote,chr2,229832,229892,60,0.9181,0.7814,predicted_motif,0.0,1219,false,1,20.1,77.4,84.428,35.595,57.073,29.239,84.68,0.0,,0.0,,63.533,C_manualna_kuracia,71.0,B_prioritne_preskumat,,,,,,,,,,,
ZFR_0059,train,generic_eukaryote,chr5,359555,359749,194,0.8632,0.5120,predicted_motif,41.5,13396,true,2,15.1,93.4,67.355,48.783,52.354,28.928,93.68,0.0,,0.0,,63.483,C_manualna_kuracia,62.3,C_manualna_kuracia,,,,,,,,,,,
ZFR_0115,train,generic_eukaryote,chr1,630156,630471,315,0.8517,0.7691,predicted_motif,14.6,18695,true,3,44.6,94.4,80.71,45.617,58.263,43.726,88.28,0.0,,0.0,,63.318,C_manualna_kuracia,69.6,B_prioritne_preskumat,,,,,,,,,,,
ZFR_0158,train,generic_eukaryote,chr2,837904,838128,224,0.7349,0.8801,model_only,19.5,2008,false,2,35.0,87.8,81.331,44.376,52.126,34.338,86.9,0.0,,0.0,,63.318,C_manualna_kuracia,63.6,C_manualna_kuracia,,,,,,,,,,,
ZFR_0020,train,generic_eukaryote,chr2,171867,171985,118,0.4982,0.6010,model_only,56.8,6311,false,1,6.5,88.5,55.371,34.414,63.058,16.116,92.95,0.0,,0.0,,63.245,C_manualna_kuracia,57.1,C_manualna_kuracia,,,,,,,,,,,
ZFR_0318,test,generic_eukaryote,chrX,1609465,1609701,236,0.4101,0.6626,model_only,41.5,794,true,3,40.9,65.8,54.645,78.667,49.765,39.391,74.72,0.0,,0.0,,63.149,C_manualna_kuracia,57.0,C_manualna_kuracia,,,,,,,,,,,
ZFR_0244,validation,generic_eukaryote,chr4,1251946,1252325,379,0.6546,0.6092,model_only,51.5,584,false,0,33.1,75.4,63.008,46.419,64.321,31.862,81.08,0.0,,0.0,,62.989,C_manualna_kuracia,63.4,C_manualna_kuracia,,,,,,,,,,,
ZFR_0140,train,generic_eukaryote,chr2,751900,752165,265,0.5994,0.5190,model_only,48.2,12057,true,3,33.2,87.7,55.598,58.328,53.551,32.379,87.21,0.0,,0.0,,62.904,C_manualna_kuracia,59.5,C_manualna_kuracia,,,,,,,,,,,
ZFR_0252,validation,generic_eukaryote,chrX,1291782,1292124,342,0.4567,0.4997,model_only,5.1,1775,false,2,12.1,81.0,47.992,41.776,64.374,18.811,88.08,0.0,,0.0,,62.821,C_manualna_kuracia,62.9,C_manualna_kuracia,,,,,,,,,,,
ZFR_0176,train,generic_eukaryote,chr2,925057,925150,93,0.8048,0.5769,predicted_motif,38.2,10739,true,2,23.5,80.0,68.173,49.851,55.066,32.533,85.3,0.0,,0.0,,62.704,C_manualna_kuracia,59.4,C_manualna_kuracia,,,,,,,,,,,
ZFR_0240,validation,generic_eukaryote,chrX,1233181,1233254,73,0.8981,0.7322,predicted_motif,27.9,16263,true,3,54.8,73.8,80.851,50.512,66.43,51.133,75.94,0.0,,0.0,,62.686,C_manualna_kuracia,52.0,C_manualna_kuracia,,,,,,,,,,,
ZFR_0036,train,generic_eukaryote,chrX,250031,250374,343,0.4141,0.2883,model_only,24.8,5638,true,3,22.1,90.2,34.617,57.205,62.552,26.087,90.68,0.0,,0.0,,62.458,C_manualna_kuracia,70.5,B_prioritne_preskumat,,,,,,,,,,,
ZFR_0052,train,generic_eukaryote,chr4,327217,327543,326,0.6967,0.8304,model_only,26.1,1134,false,0,24.2,93.8,76.89,35.172,52.379,27.492,92.06,0.0,,0.0,,62.347,C_manualna_kuracia,58.7,C_manualna_kuracia,,,,,,,,,,,
ZFR_0164,train,generic_eukaryote,chr2,867465,867567,102,0.6103,0.6953,model_only,49.0,3537,false,2,32.1,66.6,65.62,45.837,63.45,31.757,76.88,0.0,,0.0,,62.306,C_manualna_kuracia,69.6,B_prioritne_preskumat,,,,,,,,,,,
ZFR_0204,validation,generic_eukaryote,chrX,1060357,1060507,150,0.5054,0.6557,model_only,9.2,338,false,1,24.2,74.6,58.656,46.022,62.013,27.708,82.46,0.0,,0.0,,62.266,C_manualna_kuracia,65.6,B_prioritne_preskumat,,,,,,,,,,,
ZFR_0212,validation,generic_eukaryote,chr2,1098983,1099009,26,0.6989,0.6908,model_only,64.2,6889,false,0,7.7,80.6,69.453,28.786,55.142,15.629,88.76,0.0,,0.0,,62.23,C_manualna_kuracia,61.3,C_manualna_kuracia,,,,,,,,,,,
ZFR_0086,train,generic_eukaryote,chr2,491287,491496,209,0.4293,0.4102,model_only,44.3,4894,true,2,29.2,75.0,41.899,55.722,64.9,29.102,81.66,0.0,,0.0,,62.185,C_manualna_kuracia,57.6,C_manualna_kuracia,,,,,,,,,,,
ZFR_0118,train,generic_eukaryote,chr4,645798,646020,222,0.4029,0.3450,model_only,47.9,7926,true,2,9.0,83.7,37.163,54.148,54.046,17.083,90.05,0.0,,0.0,,62.109,C_manualna_kuracia,57.2,C_manualna_kuracia,,,,,,,,,,,
ZFR_0291,test,generic_eukaryote,chr3,1480009,1480165,156,0.6783,0.6029,predicted_motif,61.5,11877,true,3,53.2,56.6,63.758,61.646,68.421,48.964,67.66,0.0,,0.0,,62.088,C_manualna_kuracia,53.4,C_manualna_kuracia,,,,,,,,,,,
ZFR_0208,validation,generic_eukaryote,chr4,1079598,1079769,171,0.9264,0.9579,predicted_motif,70.8,30963,false,2,52.4,73.4,94.341,30.992,69.387,47.898,76.22,0.0,,0.0,,61.918,C_manualna_kuracia,51.2,C_manualna_kuracia,,,,,,,,,,,
ZFR_0155,train,generic_eukaryote,chr5,823822,824174,352,0.7284,0.4961,predicted_motif,46.5,5880,true,2,25.6,77.2,60.296,55.244,54.969,33.892,83.48,0.0,,0.0,,61.91,C_manualna_kuracia,59.1,C_manualna_kuracia,,,,,,,,,,,
ZFR_0094,train,generic_eukaryote,chr4,529555,529696,141,0.6901,0.9258,model_only,15.4,4421,false,1,27.5,92.0,81.738,27.524,60.135,30.864,90.5,0.0,,0.0,,61.809,C_manualna_kuracia,67.2,B_prioritne_preskumat,,,,,,,,,,,
ZFR_0030,train,generic_eukaryote,chrX,221069,221144,75,0.7218,0.7544,model_only,74.0,678,false,0,42.1,66.8,73.94,50.766,54.603,37.276,74.98,0.0,,0.0,,61.711,C_manualna_kuracia,65.0,B_prioritne_preskumat,,,,,,,,,,,
ZFR_0062,train,generic_eukaryote,chr2,375187,375410,223,0.5967,0.6244,model_only,27.9,8446,false,2,19.0,76.9,61.166,32.984,64.711,22.89,84.65,0.0,,0.0,,61.658,C_manualna_kuracia,61.9,C_manualna_kuracia,,,,,,,,,,,
ZFR_0300,test,generic_eukaryote,chrX,1521314,1521476,162,0.4026,0.4471,model_only,88.5,8142,false,2,21.8,80.5,42.663,47.741,64.341,24.845,85.89,0.0,,0.0,,61.597,C_manualna_kuracia,57.0,C_manualna_kuracia,,,,,,,,,,,
ZFR_0262,test,generic_eukaryote,chr4,1339514,1339747,233,0.5908,0.6686,model_only,59.4,1920,false,0,15.7,76.5,63.281,40.275,53.608,21.495,85.11,0.0,,0.0,,61.561,C_manualna_kuracia,62.0,C_manualna_kuracia,,,,,,,,,,,
ZFR_0206,validation,generic_eukaryote,chr2,1069430,1069579,149,0.4181,0.3795,model_only,19.6,10109,true,0,0.0,92.9,39.726,31.828,64.471,11.252,96.45,0.0,,0.0,,61.4,C_manualna_kuracia,57.8,C_manualna_kuracia,,,,,,,,,,,
ZFR_0259,test,generic_eukaryote,chr1,1323944,1324262,318,0.7362,0.7577,predicted_motif,69.2,4233,false,3,71.5,72.1,74.781,55.127,69.607,59.61,71.75,0.0,,0.0,,61.254,C_manualna_kuracia,49.0,C_manualna_kuracia,,,,,,,,,,,
ZFR_0070,train,generic_eukaryote,chr4,414105,414225,120,0.4110,0.7905,model_only,49.5,9415,false,2,14.6,92.7,61.593,37.489,56.971,24.736,93.43,0.0,,0.0,,61.106,C_manualna_kuracia,56.0,C_manualna_kuracia,,,,,,,,,,,
ZFR_0099,train,generic_eukaryote,chr3,554229,554424,195,0.6697,0.4146,predicted_motif,82.7,7962,true,1,38.0,82.3,53.195,55.475,64.468,41.876,83.55,0.0,,0.0,,61.031,C_manualna_kuracia,64.0,C_manualna_kuracia,,,,,,,,,,,
ZFR_0320,test,generic_eukaryote,chr2,1617678,1617921,243,0.8483,0.7585,predicted_motif,0.0,11247,false,2,18.7,86.0,79.981,24.327,58.104,27.761,89.26,0.0,,0.0,,60.954,C_manualna_kuracia,58.7,C_manualna_kuracia,,,,,,,,,,,
ZFR_0272,test,generic_eukaryote,chr2,1388020,1388160,140,0.7138,0.5691,predicted_motif,77.8,18172,true,0,19.6,83.1,63.566,40.152,56.897,29.033,87.63,0.0,,0.0,,60.931,C_manualna_kuracia,72.2,B_prioritne_preskumat,,,,,,,,,,,
ZFR_0134,train,generic_eukaryote,chr2,721135,721154,19,0.7370,0.4592,model_only,70.2,3155,true,2,36.3,56.7,58.699,68.328,49.208,36.867,71.09,0.0,,0.0,,60.78,C_manualna_kuracia,59.8,C_manualna_kuracia,,,,,,,,,,,
ZFR_0228,validation,generic_eukaryote,chrX,1174874,1175175,301,0.6210,0.5906,model_only,3.1,1294,false,1,39.3,100.0,60.458,36.064,64.651,35.511,92.14,0.0,,0.0,,60.759,C_manualna_kuracia,64.7,C_manualna_kuracia,,,,,,,,,,,
ZFR_0132,train,generic_eukaryote,chrX,712759,712920,161,0.7964,0.9203,model_only,27.7,3961,false,0,25.4,85.1,86.331,25.166,52.594,28.109,87.47,0.0,,0.0,,60.594,C_manualna_kuracia,57.1,C_manualna_kuracia,,,,,,,,,,,
ZFR_0192,train,generic_eukaryote,chrX,1002176,1002466,290,0.9050,0.6476,predicted_motif,10.6,3260,false,2,33.4,97.6,76.6,37.638,54.417,39.054,92.12,0.0,,0.0,,60.43,C_manualna_kuracia,65.8,B_prioritne_preskumat,,,,,,,,,,,
ZFR_0182,train,generic_eukaryote,chr2,952456,952492,36,0.4427,0.6840,model_only,57.7,2541,true,1,38.5,78.2,57.3,60.585,50.011,37.757,81.4,0.0,,0.0,,60.227,C_manualna_kuracia,56.2,C_manualna_kuracia,,,,,,,,,,,
ZFR_0012,train,generic_eukaryote,chrX,134043,134252,209,0.4521,0.4148,model_only,20.3,7347,true,2,28.8,75.9,43.196,47.929,64.499,29.091,82.19,0.0,,0.0,,60.182,C_manualna_kuracia,64.4,C_manualna_kuracia,,,,,,,,,,,
ZFR_0308,test,generic_eukaryote,chr2,1561365,1561434,69,0.6066,0.5767,model_only,12.5,16707,true,2,20.6,75.0,59.045,39.505,54.662,23.911,83.38,0.0,,0.0,,60.004,C_manualna_kuracia,55.4,C_manualna_kuracia,,,,,,,,,,,
ZFR_0150,train,generic_eukaryote,chrX,800253,800302,49,0.5220,0.5008,model_only,70.2,5672,false,2,39.0,81.9,51.055,45.078,64.854,35.206,83.15,0.0,,0.0,,59.907,C_manualna_kuracia,55.6,C_manualna_kuracia,,,,,,,,,,,
ZFR_0152,train,generic_eukaryote,chr2,809014,809039,25,0.7241,0.5639,predicted_motif,16.1,9466,false,2,27.1,90.9,63.759,29.438,66.556,33.885,90.03,0.0,,0.0,,59.667,C_manualna_kuracia,60.3,C_manualna_kuracia,,,,,,,,,,,
ZFR_0056,train,generic_eukaryote,chr2,347176,347316,140,0.9561,0.9120,predicted_motif,38.9,2612,false,1,59.2,66.1,93.229,39.812,59.11,52.277,71.21,0.0,,0.0,,59.594,C_manualna_kuracia,55.5,C_manualna_kuracia,,,,,,,,,,,
ZFR_0174,train,generic_eukaryote,chrX,915555,915590,35,0.6201,0.5923,model_only,37.2,3774,false,1,25.9,88.7,60.509,35.134,54.708,27.169,89.17,0.0,,0.0,,59.357,C_manualna_kuracia,61.9,C_manualna_kuracia,,,,,,,,,,,
ZFR_0235,validation,generic_eukaryote,chr1,1208252,1208382,130,0.8005,0.5684,predicted_motif,59.7,3195,false,1,32.2,84.8,67.517,42.661,54.974,37.981,85.96,0.0,,0.0,,59.339,C_manualna_kuracia,67.0,B_prioritne_preskumat,,,,,,,,,,,
ZFR_0088,train,generic_eukaryote,chr4,501236,501386,150,0.7963,0.6852,predicted_motif,42.1,9878,false,1,39.1,81.6,73.631,28.389,67.636,40.686,82.98,0.0,,0.0,,59.028,C_manualna_kuracia,62.4,C_manualna_kuracia,,,,,,,,,,,
ZFR_0014,train,generic_eukaryote,chr2,143840,144235,395,0.6555,0.6232,model_only,22.5,4191,false,1,20.7,83.2,63.806,30.073,54.609,24.004,87.46,0.0,,0.0,,58.992,C_manualna_kuracia,58.7,C_manualna_kuracia,,,,,,,,,,,
ZFR_0310,test,generic_eukaryote,chr4,1569273,1569357,84,0.8133,1.0000,model_only,30.6,1566,false,0,41.7,64.7,91.412,34.664,51.213,39.031,74.01,0.0,,0.0,,58.86,C_manualna_kuracia,61.4,C_manualna_kuracia,,,,,,,,,,,
ZFR_0236,validation,generic_eukaryote,chr2,1214443,1214825,382,0.5626,0.6008,model_only,40.0,8529,false,1,17.1,89.9,58.323,28.83,54.48,21.849,91.53,0.0,,0.0,,58.661,C_manualna_kuracia,59.3,C_manualna_kuracia,,,,,,,,,,,
ZFR_0220,validation,generic_eukaryote,chr4,1135503,1135865,362,0.4031,0.4491,model_only,42.6,2304,false,1,21.9,92.8,42.794,41.832,54.308,24.926,92.02,0.0,,0.0,,58.421,C_manualna_kuracia,55.9,C_manualna_kuracia,,,,,,,,,,,
ZFR_0276,test,generic_eukaryote,chrX,1405395,1405784,389,0.4052,0.5770,model_only,26.4,1898,false,1,21.9,99.7,49.797,39.436,51.54,26.561,95.47,0.0,,0.0,,58.348,C_manualna_kuracia,57.6,C_manualna_kuracia,,,,,,,,,,,
ZFR_0019,train,generic_eukaryote,chr1,167760,167978,218,0.8906,0.8768,predicted_motif,0.0,9727,true,2,69.1,74.0,88.315,41.391,59.776,58.021,73.18,0.0,,0.0,,58.289,C_manualna_kuracia,47.4,C_manualna_kuracia,,,,,,,,,,,
ZFR_0284,test,generic_eukaryote,chr2,1444668,1444905,237,0.5802,0.6682,model_only,0.0,3964,true,1,33.8,74.7,62.772,41.507,53.384,32.85,80.59,0.0,,0.0,,58.278,C_manualna_kuracia,50.2,C_manualna_kuracia,,,,,,,,,,,
ZFR_0216,validation,generic_eukaryote,chrX,1118292,1118451,159,0.8875,0.8012,predicted_motif,37.9,12256,false,1,57.4,88.4,84.09,25.717,68.181,51.71,82.72,0.0,,0.0,,58.067,C_manualna_kuracia,46.4,C_manualna_kuracia,,,,,,,,,,,
ZFR_0004,train,generic_eukaryote,chr4,95021,95134,113,0.7193,0.5825,model_only,69.7,9322,false,2,32.3,64.4,64.543,42.403,52.31,32.554,75.74,0.0,,0.0,,57.688,C_manualna_kuracia,54.1,C_manualna_kuracia,,,,,,,,,,,
ZFR_0120,train,generic_eukaryote,chrX,654295,654410,115,0.9565,0.8167,predicted_motif,9.6,260,false,0,60.8,71.8,88.101,39.992,57.004,54.513,73.74,0.0,,0.0,,57.672,C_manualna_kuracia,52.2,C_manualna_kuracia,,,,,,,,,,,
ZFR_0260,test,generic_eukaryote,chr2,1329896,1330025,129,0.6338,0.8514,model_only,16.3,2231,false,2,46.4,74.1,75.13,42.788,50.533,42.347,77.77,0.0,,0.0,,57.4,C_manualna_kuracia,54.0,C_manualna_kuracia,,,,,,,,,,,
ZFR_0011,train,generic_eukaryote,chr5,128575,128698,123,0.8785,0.6704,predicted_motif,27.4,7399,true,0,37.3,71.3,76.613,35.597,55.502,40.831,78.19,0.0,,0.0,,57.396,C_manualna_kuracia,60.1,C_manualna_kuracia,,,,,,,,,,,
ZFR_0180,train,generic_eukaryote,chrX,944051,944242,191,0.3991,0.4150,model_only,68.3,7066,false,1,13.3,81.1,40.769,36.646,54.97,19.203,87.89,0.0,,0.0,,57.354,C_manualna_kuracia,52.2,C_manualna_kuracia,,,,,,,,,,,
ZFR_0051,train,generic_eukaryote,chr3,323300,323669,369,0.9316,0.7801,predicted_motif,50.4,4508,false,1,53.8,76.4,84.979,35.604,56.747,50.325,77.44,0.0,,0.0,,57.3,C_manualna_kuracia,50.3,C_manualna_kuracia,,,,,,,,,,,
ZFR_0107,train,generic_eukaryote,chr5,591507,591819,312,0.6995,0.4277,predicted_motif,85.4,7158,false,1,26.6,90.6,55.273,40.685,54.1,35.025,89.98,0.0,,0.0,,57.271,C_manualna_kuracia,60.1,C_manualna_kuracia,,,,,,,,,,,
ZFR_0286,test,generic_eukaryote,chr4,1453550,1453782,232,0.5282,0.6740,model_only,16.7,6119,false,2,37.4,83.2,60.693,31.925,62.112,35.833,84.12,0.0,,0.0,,57.118,C_manualna_kuracia,59.8,C_manualna_kuracia,,,,,,,,,,,
ZFR_0067,train,generic_eukaryote,chr1,398981,399030,49,0.7443,0.3982,predicted_motif,46.9,8929,true,3,40.3,62.2,55.741,60.206,52.466,44.485,73.04,0.0,,0.0,,57.068,C_manualna_kuracia,59.8,C_manualna_kuracia,,,,,,,,,,,
ZFR_0084,train,generic_eukaryote,chrX,481489,481795,306,0.5859,0.3916,model_only,28.4,6429,false,2,17.6,98.3,48.098,34.516,51.045,24.188,95.63,0.0,,0.0,,56.979,C_manualna_kuracia,52.9,C_manualna_kuracia,,,,,,,,,,,
ZFR_0294,test,generic_eukaryote,chrX,1493365,1493722,357,0.5255,0.8148,model_only,55.6,7326,false,1,30.7,92.3,68.172,33.416,48.955,33.545,90.01,0.0,,0.0,,56.88,C_manualna_kuracia,55.4,C_manualna_kuracia,,,,,,,,,,,
ZFR_0246,validation,generic_eukaryote,chrX,1261742,1261912,170,0.4988,0.4344,model_only,63.6,7685,false,1,35.1,83.8,46.402,35.084,63.903,33.349,84.88,0.0,,0.0,,56.459,C_manualna_kuracia,68.9,B_prioritne_preskumat,,,,,,,,,,,
ZFR_0024,train,generic_eukaryote,chrX,192690,192812,122,0.8858,0.6517,predicted_motif,2.6,10670,false,3,30.0,60.7,75.939,32.355,54.93,36.643,74.35,0.0,,0.0,,56.408,C_manualna_kuracia,56.1,C_manualna_kuracia,,,,,,,,,,,
ZFR_0292,test,generic_eukaryote,chr4,1482751,1482890,139,0.4930,0.7416,model_only,50.9,12923,false,0,10.3,91.8,62.724,21.37,49.851,20.368,93.84,0.0,,0.0,,56.386,C_manualna_kuracia,46.3,C_manualna_kuracia,,,,,,,,,,,
ZFR_0198,validation,generic_eukaryote,chrX,1031171,1031496,325,0.4431,0.6001,model_only,64.0,3519,false,1,46.0,77.1,52.788,42.503,61.866,41.311,79.35,0.0,,0.0,,56.27,C_manualna_kuracia,53.5,C_manualna_kuracia,,,,,,,,,,,
ZFR_0278,test,generic_eukaryote,chr2,1417050,1417066,16,0.5625,0.6433,model_only,25.4,4613,false,2,47.3,69.7,60.613,36.218,63.542,41.126,75.39,0.0,,0.0,,56.124,C_manualna_kuracia,50.9,C_manualna_kuracia,,,,,,,,,,,
ZFR_0156,train,generic_eukaryote,chrX,829026,829166,140,0.6110,0.6215,model_only,9.7,8513,false,3,34.4,62.3,61.667,35.569,55.089,32.215,74.27,0.0,,0.0,,56.059,C_manualna_kuracia,49.5,C_manualna_kuracia,,,,,,,,,,,
ZFR_0184,train,generic_eukaryote,chr4,963094,963170,76,0.7006,0.5208,predicted_motif,55.1,7159,false,2,44.9,59.3,60.351,40.413,66.124,45.175,70.67,0.0,,0.0,,55.853,C_manualna_kuracia,62.9,C_manualna_kuracia,,,,,,,,,,,
ZFR_0142,train,generic_eukaryote,chr4,761198,761251,53,0.4473,0.4766,model_only,33.0,1489,false,0,23.2,76.0,46.312,35.523,54.675,25.515,83.36,0.0,,0.0,,55.837,C_manualna_kuracia,53.4,C_manualna_kuracia,,,,,,,,,,,
ZFR_0104,train,generic_eukaryote,chr2,576502,576823,321,0.7860,0.5580,predicted_motif,42.4,1041,false,0,47.4,88.4,66.288,39.425,55.064,47.352,84.72,0.0,,0.0,,55.803,C_manualna_kuracia,42.0,D_odlozit,,,,,,,,,,,
ZFR_0048,train,generic_eukaryote,chrX,308744,308932,188,0.8223,0.5706,predicted_motif,64.7,11604,false,1,30.0,70.3,68.638,32.605,54.543,36.872,79.15,0.0,,0.0,,55.616,C_manualna_kuracia,56.5,C_manualna_kuracia,,,,,,,,,,,
ZFR_0147,train,generic_eukaryote,chr3,785830,786176,346,0.8669,0.6989,predicted_motif,49.5,1381,false,1,66.8,67.7,77.618,46.88,56.384,58.6,70.49,0.0,,0.0,,55.604,C_manualna_kuracia,45.9,C_manualna_kuracia,,,,,,,,,,,
ZFR_0219,validation,generic_eukaryote,chr3,1131564,1131632,68,0.8644,0.7479,predicted_motif,56.3,2210,false,1,59.8,43.3,80.149,45.465,57.517,53.59,59.69,0.0,,0.0,,55.475,C_manualna_kuracia,49.2,C_manualna_kuracia,,,,,,,,,,,
ZFR_0299,test,generic_eukaryote,chr5,1516568,1516737,169,0.8298,0.6760,predicted_motif,64.4,4200,false,1,52.3,62.7,74.675,40.096,56.696,49.425,70.89,0.0,,0.0,,55.454,C_manualna_kuracia,52.8,C_manualna_kuracia,,,,,,,,,,,
ZFR_0003,train,generic_eukaryote,chr3,91304,91318,14,0.7186,0.5794,predicted_motif,64.7,13468,true,2,61.7,56.8,64.343,54.3,57.018,55.064,66.06,0.0,,0.0,,55.29,C_manualna_kuracia,55.3,C_manualna_kuracia,,,,,,,,,,,
ZFR_0283,test,generic_eukaryote,chr1,1441014,1441302,288,0.9510,0.5727,predicted_motif,0.0,1897,false,0,37.2,100.0,74.672,26.104,51.757,42.982,92.56,0.0,,0.0,,54.866,C_manualna_kuracia,65.6,B_prioritne_preskumat,,,,,,,,,,,
ZFR_0124,train,generic_eukaryote,chr4,674893,674962,69,0.5202,0.7662,model_only,49.0,9747,false,2,36.8,68.7,65.304,37.137,49.908,36.764,76.99,0.0,,0.0,,54.65,C_manualna_kuracia,51.6,C_manualna_kuracia,,,,,,,,,,,
ZFR_0243,validation,generic_eukaryote,chr3,1246443,1246484,41,0.8788,0.5490,predicted_motif,30.9,9653,false,1,34.2,63.9,70.071,25.859,62.824,40.491,75.11,0.0,,0.0,,54.318,C_manualna_kuracia,61.6,C_manualna_kuracia,,,,,,,,,,,
ZFR_0076,train,generic_eukaryote,chr4,442655,443009,354,0.3917,0.4644,model_only,52.0,5594,false,1,29.9,90.9,43.096,33.764,53.721,30.233,89.47,0.0,,0.0,,54.277,C_manualna_kuracia,55.0,C_manualna_kuracia,,,,,,,,,,,
ZFR_0288,test,generic_eukaryote,chrX,1464964,1465360,396,0.8451,0.6131,predicted_motif,53.7,2336,false,0,66.0,72.4,71.982,37.378,64.976,58.936,73.0,0.0,,0.0,,54.176,C_manualna_kuracia,38.4,D_odlozit,,,,,,,,,,,
ZFR_0200,validation,generic_eukaryote,chr2,1040981,1040993,12,0.6764,0.4733,predicted_motif,50.0,4943,false,1,38.7,59.6,56.673,33.909,65.612,41.634,72.06,0.0,,0.0,,54.103,C_manualna_kuracia,54.4,C_manualna_kuracia,,,,,,,,,,,
ZFR_0043,train,generic_eukaryote,chr1,284548,284626,78,0.7668,0.5114,predicted_motif,50.5,12063,false,3,48.7,70.8,62.888,42.876,54.461,48.514,75.66,0.0,,0.0,,53.957,C_manualna_kuracia,50.2,C_manualna_kuracia,,,,,,,,,,,
ZFR_0035,train,generic_eukaryote,chr5,244701,244962,261,0.7501,0.6493,predicted_motif,23.2,10475,false,2,52.2,81.3,69.567,30.435,57.862,48.674,80.21,0.0,,0.0,,53.921,C_manualna_kuracia,39.9,D_odlozit,,,,,,,,,,,
ZFR_0064,train,generic_eukaryote,chr4,385117,385470,353,0.7804,0.5278,predicted_motif,34.4,35279,false,1,25.6,79.0,64.4,15.256,64.523,34.156,84.38,0.0,,0.0,,53.887,C_manualna_kuracia,59.7,C_manualna_kuracia,,,,,,,,,,,
ZFR_0027,train,generic_eukaryote,chr3,207736,208057,321,0.7391,0.6245,predicted_motif,35.7,18463,false,1,38.1,85.2,67.722,20.844,57.559,40.112,84.98,0.0,,0.0,,53.506,C_manualna_kuracia,54.7,C_manualna_kuracia,,,,,,,,,,,
ZFR_0280,test,generic_eukaryote,chr4,1425819,1426030,211,0.8958,0.6130,predicted_motif,23.6,1037,false,0,58.4,58.2,74.309,34.928,63.858,54.884,67.42,0.0,,0.0,,53.486,C_manualna_kuracia,49.0,C_manualna_kuracia,,,,,,,,,,,
ZFR_0275,test,generic_eukaryote,chr5,1402361,1402496,135,0.7703,0.5255,predicted_motif,39.9,27721,false,2,29.6,84.3,63.811,23.576,54.694,36.534,86.23,0.0,,0.0,,53.387,C_manualna_kuracia,50.9,C_manualna_kuracia,,,,,,,,,,,
ZFR_0131,train,generic_eukaryote,chr5,707402,707765,363,0.7743,0.6380,predicted_motif,35.2,11684,false,3,63.1,64.6,70.07,39.469,57.081,55.894,69.68,0.0,,0.0,,52.749,C_manualna_kuracia,43.7,D_odlozit,,,,,,,,,,,
ZFR_0139,train,generic_eukaryote,chr1,746626,746789,163,0.6791,0.4128,predicted_motif,40.5,11153,true,2,53.6,66.9,53.53,50.113,54.221,51.694,72.73,0.0,,0.0,,52.702,C_manualna_kuracia,46.3,C_manualna_kuracia,,,,,,,,,,,
ZFR_0203,validation,generic_eukaryote,chr5,1054802,1054893,91,0.8172,0.4773,predicted_motif,77.1,5095,false,1,46.2,66.3,63.365,40.137,52.602,48.063,73.91,0.0,,0.0,,52.341,C_manualna_kuracia,39.6,D_odlozit,,,,,,,,,,,
ZFR_0136,train,generic_eukaryote,chr4,731349,731747,398,0.7489,0.6090,predicted_motif,29.7,10329,false,1,58.7,74.3,67.335,25.098,67.002,53.213,75.41,0.0,,0.0,,52.252,C_manualna_kuracia,45.0,C_manualna_kuracia,,,,,,,,,,,
ZFR_0251,validation,generic_eukaryote,chr5,1286093,1286338,245,0.8288,0.6985,predicted_motif,15.1,14017,false,0,30.8,66.0,75.844,12.012,57.213,35.79,76.84,0.0,,0.0,,52.155,C_manualna_kuracia,49.8,C_manualna_kuracia,,,,,,,,,,,
ZFR_0187,train,generic_eukaryote,chr1,977507,977537,30,0.8008,0.5916,predicted_motif,36.6,2138,false,1,63.5,63.8,68.783,41.002,55.478,57.09,69.2,0.0,,0.0,,51.921,C_manualna_kuracia,39.5,D_odlozit,,,,,,,,,,,
ZFR_0040,train,generic_eukaryote,chr4,269844,270130,286,0.9407,0.8554,predicted_motif,1.3,20148,false,1,48.3,71.5,89.464,7.312,58.203,46.055,76.09,0.0,,0.0,,51.53,C_manualna_kuracia,36.6,D_odlozit,,,,,,,,,,,
ZFR_0211,validation,generic_eukaryote,chr1,1092331,1092560,229,0.9289,0.6572,predicted_motif,6.0,14725,false,2,59.2,62.6,78.218,23.332,64.103,55.236,69.46,0.0,,0.0,,51.384,C_manualna_kuracia,47.1,C_manualna_kuracia,,,,,,,,,,,
ZFR_0160,train,generic_eukaryote,chr4,846594,846935,341,0.8675,0.6145,predicted_motif,15.8,9250,false,0,51.1,78.3,73.088,15.517,64.514,49.971,78.93,0.0,,0.0,,51.155,C_manualna_kuracia,38.6,D_odlozit,,,,,,,,,,,
ZFR_0214,validation,generic_eukaryote,chr4,1106671,1106888,217,0.3909,0.5104,model_only,86.7,7902,false,0,39.5,73.2,45.543,33.477,52.691,36.793,78.7,0.0,,0.0,,50.868,C_manualna_kuracia,51.3,C_manualna_kuracia,,,,,,,,,,,
ZFR_0128,train,generic_eukaryote,chr2,693354,693740,386,0.6546,0.4497,predicted_motif,18.4,12003,false,2,50.6,95.9,54.395,28.214,55.572,49.036,87.83,0.0,,0.0,,50.451,C_manualna_kuracia,41.9,D_odlozit,,,,,,,,,,,
ZFR_0296,test,generic_eukaryote,chr2,1503712,1503962,250,0.8728,0.7137,predicted_motif,29.6,29043,false,1,57.9,61.2,78.689,14.104,66.58,52.966,69.02,0.0,,0.0,,50.286,C_manualna_kuracia,41.9,D_odlozit,,,,,,,,,,,
ZFR_0304,test,generic_eukaryote,chr4,1542610,1542909,299,0.6845,0.5673,predicted_motif,87.6,22108,false,1,54.3,70.6,62.121,28.024,57.502,50.19,74.44,0.0,,0.0,,50.13,C_manualna_kuracia,44.5,D_odlozit,,,,,,,,,,,
ZFR_0008,train,generic_eukaryote,chr2,114284,114533,249,0.8356,0.6362,predicted_motif,59.5,14543,true,2,86.2,41.0,72.792,52.3,55.693,71.036,53.26,0.0,,0.0,,49.905,C_manualna_kuracia,48.8,C_manualna_kuracia,,,,,,,,,,,
ZFR_0096,train,generic_eukaryote,chrX,540126,540267,141,0.6859,0.4194,predicted_motif,19.4,8407,false,1,51.4,78.9,54.199,23.971,64.217,50.332,79.17,0.0,,0.0,,49.411,C_manualna_kuracia,45.5,C_manualna_kuracia,,,,,,,,,,,
ZFR_0256,validation,generic_eukaryote,chr4,1308853,1309232,379,0.8657,0.6133,predicted_motif,21.9,11119,false,1,67.6,65.2,72.94,22.673,64.527,60.193,69.08,0.0,,0.0,,49.009,C_manualna_kuracia,42.4,D_odlozit,,,,,,,,,,,
ZFR_0316,test,generic_eukaryote,chr4,1599003,1599121,118,0.4531,0.7052,model_only,18.0,10598,false,2,50.7,69.8,58.923,29.101,49.774,45.461,74.76,0.0,,0.0,,48.518,C_manualna_kuracia,47.5,C_manualna_kuracia,,,,,,,,,,,
ZFR_0264,test,generic_eukaryote,chrX,1349336,1349571,235,0.7881,0.5219,predicted_motif,42.1,12673,false,3,77.6,69.0,64.435,40.433,54.224,66.573,68.98,0.0,,0.0,,48.058,C_manualna_kuracia,35.2,D_odlozit,,,,,,,,,,,
ZFR_0312,test,generic_eukaryote,chrX,1580912,1580921,9,0.7371,0.4211,predicted_motif,53.8,8016,false,1,59.6,55.8,56.646,32.501,53.128,56.06,65.98,0.0,,0.0,,45.71,C_manualna_kuracia,42.8,D_odlozit,,,,,,,,,,,
ZFR_0224,validation,generic_eukaryote,chr2,1154791,1155159,368,0.7177,0.5877,predicted_motif,5.3,17626,true,2,89.9,53.6,64.75,37.134,57.22,72.428,58.82,0.0,,0.0,,45.176,C_manualna_kuracia,48.2,C_manualna_kuracia,,,,,,,,,,,
ZFR_0144,train,generic_eukaryote,chrX,770597,770769,172,0.7648,0.5637,predicted_motif,10.7,6553,false,0,59.9,60.4,65.621,16.181,55.656,54.752,68.22,0.0,,0.0,,44.589,D_odlozit,31.1,D_odlozit,,,,,,,,,,,
ZFR_0083,train,generic_eukaryote,chr5,476022,476258,236,0.6782,0.2199,predicted_motif,27.2,32007,false,0,20.6,98.8,43.072,6.528,49.997,33.73,95.28,0.0,,0.0,,44.581,D_odlozit,44.6,D_odlozit,,,,,,,,,,,
ZFR_0227,validation,generic_eukaryote,chr5,1169238,1169482,244,0.7174,0.3506,predicted_motif,18.1,11619,false,0,54.9,75.4,51.933,14.411,62.01,53.806,76.72,0.0,,0.0,,44.092,D_odlozit,38.0,D_odlozit,,,,,,,,,,,
ZFR_0080,train,generic_eukaryote,chr2,463101,463453,352,0.7318,0.4355,predicted_motif,56.2,3259,false,0,86.2,60.4,57.18,34.586,53.561,72.296,62.96,0.0,,0.0,,42.178,D_odlozit,35.4,D_odlozit,,,,,,,,,,,
ZFR_0179,train,generic_eukaryote,chr5,938347,938572,225,0.7412,0.4527,predicted_motif,48.6,26123,false,0,55.4,62.6,58.541,11.664,53.733,53.099,70.22,0.0,,0.0,,41.796,D_odlozit,37.0,D_odlozit,,,,,,,,,,,
ZFR_0123,train,generic_eukaryote,chr3,668719,669082,363,0.7830,0.3665,predicted_motif,44.6,10774,false,1,72.9,66.2,55.809,28.362,50.917,65.612,68.52,0.0,,0.0,,41.599,D_odlozit,38.2,D_odlozit,,,,,,,,,,,
